paper,page,line_idx,text
paper1,1,1,SemanticOn: Specifying Content-Based Semantic Conditions for
paper1,1,2,Web Automation Programs
paper1,1,3,KevinPu RaineyFu RuiDong
paper1,1,4,jpu@dgp.toronto.edu rainey.fu@mail.utoronto.ca ruidong@umich.edu
paper1,1,5,UniversityofToronto UniversityofToronto UniversityofMichigan
paper1,1,6,XinyuWa ang YanChen ToviGrossman
paper1,1,7,xwangasd@umich.edu yanchen@dgp.toronto.edu tovi@dgp.toronto.edu
paper1,1,8,UniversityofMichigan UniversityofToronto UniversityofToronto
paper1,1,9,target website target website SemanticOn target website
paper1,1,10,Conditions
paper1,1,11,a f
paper1,1,12,b
paper1,1,13,e
paper1,1,14,Output data
paper1,1,15,d
paper1,1,16,g
paper1,1,17,c h
paper1,1,18,prompt ???
paper1,1,19,56%
paper1,1,20,Step1: Specify conditions Step2: Demonstrate actions Step3: Refine & repair
paper1,1,21,Figure1:TheworkflowofSemanticOn.Therearethreestepstocreatingawebautomationprogramwithsemanticconditionsusing
paper1,1,22,"SemanticOn.(Step1)Tospecifysemanticconditions,userscaneitherdescribetheirintentintext(UserEnters,○c)orindicatethesectionof"
paper1,1,23,interestbybrushingthroughanimage○a orhighlightingpartsofatext○b (SystemSuggests).SemanticOnthenencodesthesespecifications
paper1,1,24,withcomputervisionandnaturallanguageprocessingtechniquesintowebprogramconditions.(Step2)Tocreatetheintendedweb
paper1,1,25,"automationprogram,usersdemonstratetheactionsonthewebsiteusingWebRobot,includingimagedownloading○d andtextscraping○e."
paper1,1,26,"(Step3)Oncetheprogramisexecuted,userscanalsoeasilycoordinatewithSemanticOntorefinethesemanticconditions(○f ,○h)ortake"
paper1,1,27,backcontroltoaddorremovedatamanually○g.
paper1,1,28,ABSTRACT conditionalwebautomationtasks.TheyreportedthatSemanticOn
paper1,1,29,"Datascientists,researchers,andclerksoftencreatewebautomation helpedthemeffectivelyexpressandrefinetheirsemanticintentby"
paper1,1,30,"programstoperformrepetitiveyetessentialtasks,suchasdata utilizingvisualandtextualconditions."
paper1,1,31,"scrapinganddataentry.However,existingwebautomationsys-"
paper1,1,32,KEYWORDS
paper1,1,33,temslackmechanismsfordefiningconditionalbehaviorswhere
paper1,1,34,"thesystemcanintelligentlyfiltercandidatecontentbasedonse- Webautomation,PBD,userintent,semantics"
paper1,1,35,"manticfilters(e.g.,extracttextsbasedonkeyideasorimagesbased"
paper1,1,36,"onentityrelationships).WeintroduceSemanticOn,asystemthat ACMReferenceFormat:"
paper1,1,37,"KevinPu,RaineyFu,RuiDong,XinyuWang,YanChen,andToviGrossman."
paper1,1,38,"enablesuserstospecify,refine,andincorporatevisualandtextual"
paper1,1,39,2022.SemanticOn:SpecifyingContent-BasedSemanticConditionsforWeb
paper1,1,40,semanticconditionsinwebautomationprogramsviatwomethods:
paper1,1,41,AutomationPrograms.InThe35thAnnualACMSymposiumonUserInterface
paper1,1,42,naturallanguagedescriptionviapromptsorinformationhighlight-
paper1,1,43,"SoftwareandTechnology(UIST’22),October29-November2,2022,Bend,OR,"
paper1,1,44,ing.UserscancoordinatewithSemanticOntorefinetheconditions
paper1,1,45,"USA.ACM,NewYork,NY,USA,16pages.https://doi.org/10.1145/3526113."
paper1,1,46,astheprogramcontinuouslyexecutesorreclaimmanualcontrol 3545691
paper1,1,47,"torepairerrors.Inauserstudy,participantscompletedaseriesof"
paper1,1,48,Permissiontomakedigitalorhardcopiesofallorpartofthisworkforpersonalor 1 INTRODUCTION
paper1,1,49,classroomuseisgrantedwithoutfeeprovidedthatcopiesarenotmadeordistributed
paper1,1,50,"forprofitorcommercialadvantageandthatcopiesbearthisnoticeandthefullcitation Enterprises, governments, and schools often use web-based ap-"
paper1,1,51,onthefirstpage.CopyrightsforcomponentsofthisworkownedbyothersthanACM plications to manage their businesses and services. Other than
paper1,1,52,"mustbehonored.Abstractingwithcreditispermitted.Tocopyotherwise,orrepublish,"
paper1,1,53,"informationconsumption,userssuchasclerks,datascientists,and"
paper1,1,54,"topostonserversortoredistributetolists,requirespriorspecificpermissionand/ora"
paper1,1,55,fee.Requestpermissionsfrompermissions@acm.org. researchersoftenemploythesewebplatformstoconducttasksthat
paper1,1,56,"UIST’22,October29-November2,2022,Bend,OR,USA arerepetitiveyetessential,suchasdatascrapinganddataentry."
paper1,1,57,©2022AssociationforComputingMachinery.
paper1,1,58,Performingthesetasksmanuallycanoftenleadtohumanerrors
paper1,1,59,ACMISBN978-1-4503-9320-1/22/10...$15.00
paper1,1,60,"https://doi.org/10.1145/3526113.3545691 (e.g.,dataduplicates,missedentries),whichcancauseinefficiencies."
paper1,2,1,"UIST’22,October29-November2,2022,Bend,OR,USA KevinPu,etal."
paper1,2,2,Webautomationoffersasolutionthatleveragesbotstomimichu- Figure1depictsthethreestepsofusingSemanticOn.(Step1)To
paper1,2,3,"maninteractionsonwebapplications.Itassistsuserswithtedious specifysemanticconditions,userscaneitherdescribetheirintent"
paper1,2,4,"andrecurringtasksandhasproventobefasterandmoreaccurate inasentence(Fig.1.c),indicatetheirareaofinterestbybrushing"
paper1,2,5,"forvarioustasktypescomparedtomanualeffort[42]. throughanimage(Fig.1.a),orhighlightpartsofatext(Fig.1.b)."
paper1,2,6,Pastresearchhasdevelopedtechniquestohelpusersofallex- SemanticOnusessimilarity-basedcomputervisionandnaturallan-
paper1,2,7,pertiselevelstoquicklyandaccuratelycreatetheirintendedweb guageprocessingtechniquestoencodethesespecificationsinto
paper1,2,8,"automationprograms[25–27,44,68].However,thesetechniques webprogramconditions.(Step2)Tocreatetheintendedwebau-"
paper1,2,9,"arelimitedtocreatingprogramswithrequirementsatthewebsite tomationprogram,userswilldemonstrateactionsonthewebsite"
paper1,2,10,"syntaxorstructurallevel(e.g.,scrapingthefirsttwoitemsineach usingWebRobot,includingimagedownloading(Fig.1.d)andtext"
paper1,2,11,"rowofatable).Toolscapableofcreatinglogicbasedonthemean- scraping(Fig.1.e).(Step3)Oncetheprogramisexecuted,users"
paper1,2,12,"ingofthecontent(semantics)remainunexplored.Forinstance, canalsoeasilycoordinatewithSemanticOntorefinethesemantic"
paper1,2,13,"commercialtoolssuchasiMacros[2]andUiPath[8]enableusers conditionsbasedontheautomaticallydetectedinformation(Fig.1.f,"
paper1,2,14,toperformrecord-and-replayinteractionsforwebautomationand Fig.1.h)orreclaimcontroltomanuallyaddorremovedataifthe
paper1,2,15,"testing.ResearchtoolssuchasHelena[15]furtherthistechniqueby programhasmisjudged(Fig.1.g).Toourknowledge,SemanticOn"
paper1,2,16,"loweringthelearningcurve,allowinguserswithlittleprogramming isthefirstsystemtoexplorecontent-basedsemanticspecification"
paper1,2,17,experiencetocreatecomplexprogramsthatcanhandlehierarchical interactionsforwebautomationprograms.
paper1,2,18,"data(e.g.,tree-structureddata)anddistributeddataspreadacross We conducted a user study with 10 participants to evaluate"
paper1,2,19,multiplewebsites. SemanticOn’soverallusabilityandefficiencyandtocomparethe
paper1,2,20,Weidentifiedaneedforwebautomationwithsemanticcon- semanticconditionspecificationofeachmethod(UserEntersand
paper1,2,21,ditionsthroughprioruserstudies[24]andanalysisofrealuser SystemSuggests).WefoundthatparticipantsusingSemanticOn
paper1,2,22,"requestsinonlineforms[3,7].Thisincludesvision-relatedseman- successfullyextracted80.8%oftherequireddatawithanaverage"
paper1,2,23,"ticconditions,suchasscrapingimagesthatmeetspecificcriteria timeof06:10minute:secondpertask.Theparticipantsfoundthat"
paper1,2,24,"(e.g.,aphotographystudentwantstostudygroupinteractionpor- SemanticOnhelpedthemeffectivelyexpresstheirsemanticintent"
paper1,2,25,traitsonagallerywebsitewiththousandsofphotos)ortext-related bypromptingthemtoconsidertheirvisualandtextualperceptions
paper1,2,26,"semanticconditions,suchasscrapingtextonlywhenitexpresses ofthetasks.Wefoundasenseofcontrolvs.efforttrade-off,where"
paper1,2,27,"particularsentiments(e.g.,afilmcriticwantstoevaluatepositive participantsenjoyedcomposingtheirconditionsinUserEntersbut"
paper1,2,28,reviewsofamoviestar’sactingfromdozensofnewsarticlesin hadtospendmoretimeandmentaleffortdevisingadescription
paper1,2,29,"a journal). With current techniques, users cannot specify these toencapsulatethesemanticcondition.Ontheotherhand,while"
paper1,2,30,"semanticintentsinwebautomationprograms.Asnotedabove, participantscouldspecifyandrefineconditionsmoreeasilyvia"
paper1,2,31,"semanticinformationoftenvariesbycontenttype,whichmakes highlightingcontentdetailsandselectinggeneratedconditionsin"
paper1,2,32,"ithardtodesignauniversalinteractionthatisbotheasytouse SystemSuggests,theyhadlessfreedomtoexpresstheirintentwhen"
paper1,2,33,"andsufficientlyexpressive.Additionally,unlikeotherAIsystems systemsuggestionswereinaccurate."
paper1,2,34,"thatprovideresultsimmediatelyaftertheprovisionofuserinputs Inthefinalsectionofthiswork,weanalyzethehuman-AIcollab-"
paper1,2,35,"(e.g., chatbots), once executed, a web automation program will orationworkflowinSemanticOn,discusstheimplicationsofadding"
paper1,2,36,"continuouslyoutputresultsasititeratesoverwebcontents.This similarity-basedmodelsinasymbolicPBDsystem,andexplore"
paper1,2,37,"makesmonitoringanderrorhandlingdifficult,astheprogrammay futureworkthatcanadaptourapproachtoothertypesofinterac-"
paper1,2,38,encounterunforeseenandproblematiccases. tiveAIsystemsthatrequiresemanticconditions.Thisworkisan
paper1,2,39,"Thispaperexploresinteractivetechniquestoenablecontent- essentialsteptowardsthevisionofnatural,intent-unambiguous"
paper1,2,40,basedsemanticconditionspecificationforwebautomationpro- end-userprogrammingwithafocusonwebautomationcreation.
paper1,2,41,"grams.WeintroduceSemanticOn,1asystemthatallowsusersto Thispapermakesthefollowingcontributions:"
paper1,2,42,"specify,refine,andincorporatevisualandtextualsemanticinforma-"
paper1,2,43,"tionasconditionsinwebautomationprogramsviatwomethods: • TheUserEnters,SystemSuggestsinteractiondesigns,imple-"
paper1,2,44,"naturallanguagedescriptionviapromptsordetailedinformation mentations,andevaluationsthatallowuserstospecifyand"
paper1,2,45,"highlightingwithsystemsupport.WedefinethemasUserEnters demonstratetheirintentduringwebautomationcreation,"
paper1,2,46,"andSystemSuggests,respectively.SemanticOncombinestherel- • Therefinementanderror-handlingtechniquestoclarifyand"
paper1,2,47,ativestrengthsofneuralmodels(Transformer)forunstructured improvesemanticfiltersinacontinuoushuman-AIcollabo-
paper1,2,48,"informationandprogramsynthesistechniquesforwebautomation. rationprocess,"
paper1,2,49,"Bydoingso,weintroduceanewinteractionparadigmforusersto • SemanticOn,alongwithauserstudyshowingitsusability"
paper1,2,50,continuouslyadd/refinesemanticconditionsinaprogramming-by- andeffectivenessinhelpingusersspecifysemanticcondi-
paper1,2,51,"demonstrationsystem.Specifically,SemanticOnbuildsuponWe- tionsforwebautomationprograms."
paper1,2,52,"bRobot[24],aprogramsynthesissystemthatenablesuserstocreate"
paper1,2,53,webautomationprogramsbydemonstratingactionsonthetarget
paper1,2,54,2 RELATEDWORK
paper1,2,55,websites.WebRobotemploysano-codedevelopmentapproachthat
paper1,2,56,requiresonlywebinteractionsinplaceofprogrammingknowledge SemanticOn builds on decades of web automation systems and
paper1,2,57,"fromusers,whichisconsistentwithourdesigngoal. innovations.Inthissection,wedrawourdesigngoalsandguid-"
paper1,2,58,"ancefromthreeareasofwork:webautomation,programming-by-"
paper1,2,59,"1SemanticOnisanacronymforsemanticcondition demonstration,anduserintentspecificationandrefinement."
paper1,3,1,"SemanticOn:SpecifyingContent-BasedSemanticConditionsforWebAutomationPrograms UIST’22,October29-November2,2022,Bend,OR,USA"
paper1,3,2,"2.1 WebAutomation domain,mostnotablyCoScripter[42],Vegemite[48],Rousillon[15],"
paper1,3,3,Web automation is a software technique that leverages bots to andiMacros[2].
paper1,3,4,perform tedious and recurring web tasks by mimicking human Someofthesesystemsrequireuserstoedittheirtracestoadd
paper1,3,5,"interactions,suchasdataentryanddataextraction.Datascientists, parametrization.Forinstance,CoScripterandiMacrosofferrecord-"
paper1,3,6,"UI testers, and clerks all use web automation to help complete and-replayfunctionality;usersrecordthemselvesinteractingwith"
paper1,3,7,"their domain-specific tasks [40, 43, 49, 69]. Social scientists, for thebrowser—clicking,enteringtext,andnavigatingbetweenpages—"
paper1,3,8,"example,mightwanttodevelopwebdatascrapingprogramsto and the tool writes a loop-free script that replays the recorded"
paper1,3,9,collectnecessarywebdatasets.UItestersmightwanttocreatean interaction.Becausetheylacksupportforcontrolconstructsand
paper1,3,10,"automatedbrowsertestingprogramtohelpdevelopersfindfront- functioncomposition,thesesystemsrequireuserstohavelogic"
paper1,3,11,"enddefects.Dataworkersmightenvisionadataentryprogram skills.Othersystemssupportiterationusingprogramsynthesis,"
paper1,3,12,forroutinetaskslikeenteringlargeamountsofdataintoadigital automaticallydiscoveringloopsgivenademonstrationofoneor
paper1,3,13,"system(e.g.,bookingflightsforallemployees). afewiterations.Whilelessdomainknowledgeisneeded,thesyn-"
paper1,3,14,Creatingwebautomationprogramsisanon-trivialandcomplex thesizercanmakemistakesinwhichtheusermustprovidemore
paper1,3,15,"task.Manywebautomationtoolsrequireuserstohavedomain demonstrationsoredittheDSLtocorrectit(e.g.,Helena),which"
paper1,3,16,"knowledge(e.g.,understandtheDocumentObjectModel(DOM) canbefrustrating.SemanticOninsteadallowsuserstoeffectively"
paper1,3,17,structure)andprogrammingexperience.Commonlyusedtoolslike coordinatewithPBDsystemsbysmoothlyswitchingagencyand
paper1,3,18,"Puppeteer [4], Selenium [6], Scrapy [5], and Beautiful Soup [1] editingconstraintsatanytimeduringprogramexecution."
paper1,3,19,"requireuserstolearncodesyntax,understandthetaskcontent"
paper1,3,20,"architecture(e.g.,DOMtreehierarchy),andhavesoftwaretest-"
paper1,3,21,ingexperience.Priorworkhasshownthatevenforprofessional
paper1,3,22,2.3 UserIntentSpecificationandRefinement
paper1,3,23,"developers,creatingautomationprogramsistime-consuming.Kros-"
paper1,3,24,nickandOneystudiedthechallengesofwritingwebmacrosusing Userintentspecificationisanimportantandchallengingcompo-
paper1,3,25,"commonwebautomationframeworksforexperiencedprogram- nentofhuman-AIcollaboration.Ideally,usersshouldbeableto"
paper1,3,26,mers[35].Theyfoundthataprimarychallengeforparticipants easilyandnaturallyspecifytheirintenttoasystemwhileunder-
paper1,3,27,"wasthelaborofcheckingsyntacticalelementselectorstocreate standingitsstates.However,giventhelimitedcapabilitiesofAI"
paper1,3,28,"theirprograms,whichwasinefficientandpronetomistakes.In understandingtechniques,high-leveluserintentcanbedifficult"
paper1,3,29,"addition,theprogrammightnotgeneralizetocross-webpagese- forsystemstocomprehend.Manysystemshaveproposedbridg-"
paper1,3,30,lectionswheretheelementsdon’thavesyntacticsimilarity.Our ingthegapbetweenuserintentandsystemunderstanding.For
paper1,3,31,"workenablesuserstospecifythesemanticmeaningoftheirtarget instance,PLOW[9]andPUMICE[46]allowuserstoexpresscon-"
paper1,3,32,"content,bypassingtheissuescausedbyimplementation. cepts(e.g.,hotweather)innaturallanguageandthenlearnthe"
paper1,3,33,"Researchershavedevelopedmanyhelpfultoolstoreducethe concepts to generalize the automation. Systems like Scout [70],"
paper1,3,34,"effortofprogramcreation.Fordesktopapplicationautomation,sys- Designscape[64],andIconate[80]allowuserstoiterativelyrefine"
paper1,3,35,"temslikeSikuli[76]allowuserstoidentifyaGUIelement(e.g.,an theirintentbydirectlymanipulatingtheAI-generatedartifacts."
paper1,3,36,iconoratoolbarbutton)bytakingitsscreenshot.Usingcomputervi- Otherstudieshaveshownthatthisrefinementinteractioncaneven
paper1,3,37,"siontechniques,itanalyzespatternsinthescreenshotstolocatethe bedelegatedtocrowdworkers[18].Anotherwork,APPINITE[45],"
paper1,3,38,appropriateelementswhenautomatingGUIinteractions.Although also encapsulates user’s intent in natural language instructions
paper1,3,39,"thisapproachispromising,itrequiresprogrammingknowledge andclarifiestheintentioninaback-and-forthconversationwith"
paper1,3,40,"andcannotdisambiguatesimilarelementsortextinformation.For theAI.Whiletheseapproachesarepromising,userintentscan"
paper1,3,41,"UItesting,researchershaveproposedandstudiedcrowdsourcing involvevisualandcognitivedetailssuchasidentifyingvisualre-"
paper1,3,42,andautomatedtestingstrategiestohelpincreasethetestingcov- lationshipsinimagesorparsingtextstomatchahigh-levelidea.
paper1,3,43,"erageandreducetheeffortofcreatingprograms[21,23].While Theuser’ssemanticlevelintentsareoftennotfullyoraccurately"
paper1,3,44,"helpful,outputsproducedwiththesetoolsarehardtogeneralize expressedthroughnaturallanguageorlimitedexamplesonly,lead-"
paper1,3,45,tonewUIsorcontexts. ingtoinformationlossduringcommunicationandrenderingthe
paper1,3,46,communicationineffective[19].
paper1,3,47,"SimilartoPBDsystems,programming-by-example(PBE)isan-"
paper1,3,48,otherapproachtofacilitateprogramcreationforvarioustaskssuch
paper1,3,49,2.2 Programming-by-Demonstration
paper1,3,50,"asdatawrangling[29,30,34]anddatavisualization[52,72].Many"
paper1,3,51,"Tofurtherreducetheexpertiserequired,manytoolshaveused PBEandPBDsystemsrequireuserstoprovideadditionalexamples"
paper1,3,52,a programming-by-demonstration (PBD) approach where users todisambiguateuserintent.Falxallowsuserstospecifyvisualiza-
paper1,3,53,onlyhavetointeractwiththetargetapplicationsratherthanwrit- tionexamplesusingasmallamountofdataandtheninfersand
paper1,3,54,"ingcode[12,36,38].Thesespanavarietyofapplicationdomains transformsthedatatomatchthedesign[73].Sporqallowsusers"
paper1,3,55,"includingtextmanipulation[13,39,54,60,75],imageorvideoedit- tomoreaccuratelyandquicklysearchcodepatternsinlargecode-"
paper1,3,56,"ing[37,47,51],andGUIsynthesis[55,57,61,71].Inthecontext basesbypromptingthemtorefinetheirintentbyannotatinga"
paper1,3,57,"ofwebapplications,PBDdeliversonthisfirstdesignrequirement, batchofnegativeexamplesandaddingspecificconstraints[58]."
paper1,3,58,offeringwebautomationwithoutrequiringuserstounderstand Otherworksenableuserstodirectlyannotatetheirinputexamples
paper1,3,59,"browserinternalsormanuallyreverse-engineertargetpages.The (augmentedexamples)todisambiguateuserintent[66,78].Orthey"
paper1,3,60,PBDapproachhasproducedgreatsuccessesinthewebautomation employdatavisualizationtechniquestoshowcasethegenerated
paper1,4,1,"UIST’22,October29-November2,2022,Bend,OR,USA KevinPu,etal."
paper1,4,2,"programs,allowinguserstotweakthepathofprogramgenera- firststartsrecordingtheiractions(Fig.2.a).Thentheycaneither"
paper1,4,3,"tion in a tree view [77]. While promising, providing additional uploadaJSONfile(Fig.2.b)ifthetaskinvolvesdataentry,orthey"
paper1,4,4,"examplesincreasesusers’cognitivedemand.Inthiswork,wefocus canchooseanappropriateaction(e.g.,ScrapeText)intheaction"
paper1,4,5,"onaddressingtheambiguoussemanticconditionsanddesigning panel(Fig.2.c)andperformtherequiredactions(e.g.,clickingthe"
paper1,4,6,"human-AI collaboration interaction solutions to help refine the desiredtextdataonthewebsite).Aftereachscrapingaction,they"
paper1,4,7,constraintsbasedonthecontent. willseethedataappendedtotheoutputpanel(Fig.2.d).Behind
paper1,4,8,"Usingmachinelearning(ML)modelstorefineintenthasbeena thescenes,WebRobotrecordseveryuseractiononthewebsiteand"
paper1,4,9,"recentfocusinthefieldofinteractiveML.Onecommoninteractive itsassociatedactiontype(e.g.,ScrapeText).Afterafewdemon-"
paper1,4,10,"MLapproachallowsuserstoofferfeedbackduringthemodeltrain- strations,WebRobotsynthesizesaprogramP fromthetraceAof"
paper1,4,11,"ingprocessformoreeffectiveMLmodelcreation[16].WorkbyCai demonstratedactions.Inparticular,WebRobotguaranteesthatP"
paper1,4,12,etal.allowsuserstoadjustthesearchalgorithmiterativelywith notonlyreproducesthedemonstratedactionsfromAbutalsogen-
paper1,4,13,differenttypesofsimilaritiesatdifferentmoments[14].Projects eralizesbeyondA.ThistypicallyimpliesPwouldcontainloopsthat
paper1,4,14,"byAustinetal.andJiangetal.allowuserstointeractwithlarge canbeusedtoautomatetheuser-intendedtask.Finally,WebRobot"
paper1,4,15,language models to help refine their intent when writing code executesP toautomatetherestoftheactionsinthetask.
paper1,4,16,"snippets[11,33].WorkbyAmershietal.allowsuserstoidentify"
paper1,4,17,newfriendgroupsonsocialmediabyanalyzingtheexamplespre-
paper1,4,18,sented[10].SoftwaredevelopedbyFogartyetal.helpsusersto
paper1,4,19,procedureSynthesize(A)
paper1,4,20,"createtheirownrulestoimprovethesearchresults[28].Thisre- input:A=[a1,··,am ]isatraceofuser-demonstratedactions."
paper1,4,21,"searchinspiresourwork,butinstead,wefocusonhelpingusers"
paper1,4,22,output:aprogramP thatgeneralizesA.
paper1,4,23,refinetheirintentwhileinteractingwithcontinuousAIsystems—
paper1,4,24,1:
paper1,4,25,P0:=a1;··;am;
paper1,4,26,webautomationprogramsthatrequireconstantmonitoringand 2: W :={P0 }; P(cid:101):=∅;
paper1,4,27,thateffectivelycoordinatetheturn-taking. 3: whileW (cid:44)∅
paper1,4,28,4: P :=W.remove();
paper1,4,29,3 BACKGROUNDANDDESIGNGOALS
paper1,4,30,5: ifP generalizesAthenP(cid:101).add(P);
paper1,4,31,"Ourworkisbuiltuponanexistingwebautomationsystem,We-"
paper1,4,32,6:
paper1,4,33,W′:=Rewrite(P);
paper1,4,34,"bRobot[24],thatonlyuseswebinteractionsandrequiresnopro- 7: W :=W ∪W′;"
paper1,4,35,grammingknowledgefromitsusers.Thisisconsistentwithour
paper1,4,36,8: returnRank(P(cid:101));
paper1,4,37,"designgoal.Inadditiontopriorwork,wederiveourdesigngoals"
paper1,4,38,"fromWebRobot’suserstudy.Inthissection,weprovidenecessary Algorithm 1: Rewrite-based program synthesis algo-"
paper1,4,39,backgroundinformationontheWebRobotsystemandthendiscuss rithm.
paper1,4,40,thedesigngoalsforoursystemSemanticOn.
paper1,4,41,3.2 WebRobot’sSynthesisAlgorithm
paper1,4,42,"a Inanutshell,WebRobot’ssynthesisalgorithm(Algorithm1)gen-"
paper1,4,43,eralizesaninputactiontraceAintoaprogramP (withloops)by
paper1,4,44,"iterativelyrewritingAtoloopsinP fromtheinsideout.Initially,it"
paper1,4,45,createsaprogramP0withexactlythoseactionsinA(line1):while
paper1,4,46,"b P0reproducesA,itdoesnotgeneralizeA(i.e.,itdoesnotproduce"
paper1,4,47,"newactionsafterA).Therefore,thealgorithmperformsiterative"
paper1,4,48,rewritingtogradually“compress”P0intomorecompactandgen-
paper1,4,49,eralprogramsusingaworklistalgorithm(lines2-8).Theworklist
paper1,4,50,"c W isinitializedtohaveonlyP0,andweuseP(cid:101)tokeeptrackofall"
paper1,4,51,programsthatgeneralizeA(line2).WheneverW isnotempty(line
paper1,4,52,"3),thealgorithmwouldremoveaprogramPfromW (line4).Itthen"
paper1,4,53,"checkstoseewhetherP generalizesA;ifso,P isaddedtoP(cid:101)(line"
paper1,4,54,d
paper1,4,55,"5).Afterthis,inline6,thealgorithmtriestorewriteP intomore"
paper1,4,56,"generalprograms,whicharestoredinW′.Thekeyideaunderlying"
paper1,4,57,ourRewriteprocedureistoperformsemanticrewritingusinga
paper1,4,58,"methodologycalledspeculate-and-rewrite.Intuitively,itinspectsP,"
paper1,4,59,Figure2:AscreenshotoftheWebRobotsystemUI.
paper1,4,60,"identifiesrepetitivepatternsinP,hypothesizespotentialloopsthat"
paper1,4,61,"correspondtoP,andfinallysynthesizesprogramswithonemore"
paper1,4,62,levelofloop.HowWebRobot’sspeculativewritingprocessworks
paper1,4,63,3.1 TheWebRobotSystemWorkflow
paper1,4,64,isbeyondthescopeofthiswork;wereferinterestedreaderstothe
paper1,4,65,WebRobotisdesignedtofacilitatewebautomationprogramcre- originalWebRobotpaper[24]fordetails.OnceP isrewrittentoa
paper1,4,66,"ation. Figure 2 shows the WebRobot user interface. To create a newsetofprogramsW′(line6),thealgorithmsimplymergesW′"
paper1,4,67,"webautomationprogramforadataentryorscrapingtask,auser intoW (line7).Theworklistloopterminateswhennoprograms"
paper1,5,1,"SemanticOn:SpecifyingContent-BasedSemanticConditionsforWebAutomationPrograms UIST’22,October29-November2,2022,Bend,OR,USA"
paper1,5,2,canberewrittenanditfinallyreturnsthesmallestprograminP(cid:101) architectureandmainuserinteractionsatahighlevel.Insteadof
paper1,5,3,usingarankingfunction(line8). writingwebmacrosfromscratchforeachwebsiteandfilteringthe
paper1,5,4,"scrapedcontentinpost-processing,userscaninteractwithSeman-"
paper1,5,5,3.3 UserFeedback ticOntocomposesemanticconditionsonthecontenttheywant
paper1,5,6,"In WebRobot’s user study, participants reported that while We- toscrape(Step1Fig.3),thendemonstrateactionsonthetarget"
paper1,5,7,bRobotcanhelplowerbarriersofentryforthecreationofweb websitetosynthesizeautomationprogramsfordifferentwebsites
paper1,5,8,automationprogramsandhandlingamorecomprehensiverange withoutwritingasinglelineofcode(Step2Fig.3).Throughoutthis
paper1,5,9,"oftasks,theywishedthattheycouldexpressconditionstofilterthe process,userscancommunicatewithSemanticOn,whichiscapable"
paper1,5,10,"content.Forinstance,oneparticipantsaid,“maybesomeconditional ofparsingtextandimagecontentthroughmachinelearningmodels."
paper1,5,11,"scraping[canbeincluded],notbasedonwhethertheelementexists TheusersandSemanticOnworktogethertorefinethecondition"
paper1,5,12,"inthewebpage,butbasedonsomeotherconditions.” Consistently, setandrepairerrorsinresultselection,continuouslyimproving"
paper1,5,13,wefoundpostsonforumssuchasiMacros[3]andStackOver- boththesystem’sanduser’sunderstandingofthefiltercriteria
paper1,5,14,"flow[7]thatrequestthecreationofwebautomationprogramswith (Step3inFig.3).Inthissection,wefirstillustrateSemanticOn’s"
paper1,5,15,content-basedconditions.Participantsalsowishedtorefinetheir userexperiencewithasamplescenariothatembodiescommon
paper1,5,16,"intentwheninteractingwiththeWebRobotsystem.Forinstance, semanticconditions.Wethendetailthedesignandimplementation"
paper1,5,17,participantsreportedthattheywantedto“undomywrongmanipu- ofSemanticOn.
paper1,5,18,"lations” or“editmyhistory.” However,asnotedintherelatedwork,"
paper1,5,19,WebRobotandothersystemsdonoteffectivelysupportactions
paper1,5,20,4.1 TheSemanticOnUserExperience
paper1,5,21,suchasundoorhistorymanipulation.
paper1,5,22,"Mia,anoutdoorenthusiast,wantstoextractonlineinformation"
paper1,5,23,3.4 DesignGoals abouttraveldestinationswhereoutdooractivitiesareavailable.To
paper1,5,24,"helphermakeaninformeddecision,Miawantstoscrapethetext"
paper1,5,25,"Basedonthispriorwork,wedevisedthefollowingthreedesign"
paper1,5,26,descriptionandtheimageforeachlocationfromanarticletobuild
paper1,5,27,goalstohelpuserseasilycreatewebautomationprogramswith
paper1,5,28,"potentialitineraries.Oneoptionistoreadthrougheveryparagraph,"
paper1,5,29,semanticconditions.
paper1,5,30,"lookateachpicture,andmanuallycopyandpastetherelevantin-"
paper1,5,31,• DG1:Abilitytoexpresscontent-basedsemanticcondi-
paper1,5,32,"formation,butthatprocesswouldbetediousandrepetitive.Onthe"
paper1,5,33,tions:Userscanspecifysemanticconditionswhencreating
paper1,5,34,"otherhand,MiacouldwriteawebscrapingscriptusingPython.She"
paper1,5,35,webautomationprograms.
paper1,5,36,"hassomecodingexperience,butwritingascriptandfilteringthe"
paper1,5,37,• DG2:Accessibleuserintentrefinement:Userscaniter-
paper1,5,38,resultsbasedonherpreferencewouldalsobetime-consumingand
paper1,5,39,ativelyrefinetheirsemanticconditionsatanytimeofthe
paper1,5,40,"laborious.Instead,MiausesSemanticOntoefficientlydemonstrate"
paper1,5,41,programcreationprocess.
paper1,5,42,herconditionsandwebactionsandsynthesizeawebautomation
paper1,5,43,• DG3:Responsiveerrorhandlingformistakesmadeby
paper1,5,44,programthatcompletesthetaskforher.
paper1,5,45,users and the system: Users need to modify inaccurate
paper1,5,46,"To begin, Mia sets the semantic conditions for the intended"
paper1,5,47,conditionsandeditscrapeddataeasily.
paper1,5,48,content(Step1Fig.3).Shefirstclicks“TextCondition”.Shethen
paper1,5,49,selectsUserEnters(Fig.4.d)tospecifythesemanticconditioninher
paper1,5,50,ownwords.Miarepresentsherhigh-levelrequirementinthesystem
paper1,5,51,"promptbytyping,“Thisisagreatlocationforoutdooractivities”"
paper1,5,52,(Fig.6.c).Shebelievesthissentenceislikelysemanticallysimilar
paper1,5,53,"1. Specify conditions 2. Demonstrate to the relevant content in this article. After clicking “Add”, the"
paper1,5,54,conditionisappendedtothetextconditiontable(Fig.4.h)inthe
paper1,5,55,"3. Intent refinement conditionpanel.Furthermore,Miadecidestoaddaconditionto"
paper1,5,56,thecorrespondingdestinationimage.Shewantstotraveltoaplace
paper1,5,57,"ML models WebRobot wherehikingandwateractivitiesareaccessible.Tothatend,she"
paper1,5,58,"usesSystemSuggests,clicksonanidealimage,andhighlightsthe"
paper1,5,59,mountain and lake in the picture (Fig. 6.a). The system detects
paper1,5,60,Semantic filters Synthesized program severalobjectsandsummarizestheimagecontentintoasentence.
paper1,5,61,Miaalsoaddstherelevantobjectsandcaptiontothecorresponding
paper1,5,62,"tables(Fig.4.f,g)intheconditionpanel."
paper1,5,63,Final web automation
paper1,5,64,"Afterspecifyingtwoinitialconditions,Miadecidestostartthe"
paper1,5,65,program
paper1,5,66,"demonstrationprocess(Step2,Fig.3).Sheclicksthe“StartRecord-"
paper1,5,67,ing”button(Fig.4.a)tostartthewebmacrorecordingforprogram
paper1,5,68,Figure3:SemanticOn’ssystemarchitecture.
paper1,5,69,"synthesis.Then,Miaspecifiesthetasknameas“TravelDestination"
paper1,5,70,"Search”andsetsthecolumnnumberto2,onefortextdescriptions"
paper1,5,71,4 SEMANTICON
paper1,5,72,andonefortheassociatedimages.
paper1,5,73,"Withthethreedesigngoalsabove,wecreatedSemanticOntohelp Next,Miaselects“DownloadImage”andhoversthemouseto"
paper1,5,74,"usersspecify,refine,andincorporatesemanticconditionsinau- highlightthedesiredimageelement(Fig.4.j).Assheclicksonthe"
paper1,5,75,"tomatedwebdatascraping.Figure3showsSemanticOn’ssystem element,theimageisdownloadedandputintothefirstcolumn"
paper1,6,1,"UIST’22,October29-November2,2022,Bend,OR,USA KevinPu,etal."
paper1,6,2,a i
paper1,6,3,b
paper1,6,4,j
paper1,6,5,c
paper1,6,6,d k
paper1,6,7,e
paper1,6,8,f
paper1,6,9,l
paper1,6,10,g
paper1,6,11,m
paper1,6,12,h
paper1,6,13,Figure4:OverviewofSemanticOn’suserinterface.TheuserbeginsprogramsynthesisbyclickingStartRecording○a.Theusercan
paper1,6,14,disableorenablesystemsuggestedpromptsinautomation○b.Theusercanspecifyconditionsforimagesortext○c andchoosebetween
paper1,6,15,manuallyinputorselectsystem-suggestedconditions○d.TheusercanalsotogglebetweenORandANDlogicfortheconditionset○e.
paper1,6,16,"Auniquetabledisplaysimageobjectconditions○f ,imagedescriptionconditions○g,andtextdescriptionconditions○h.Theusermay"
paper1,6,17,pause○i atanytimetomakechangesthatwillnotaffectautomation.Tointeractwiththewebpageanddemonstrateactionsforprogram
paper1,6,18,"synthesis,theuserwillselecttheiractiontypebychoosinganoptionintheactionpanel○j .Thesystemwillpredictthenextaction,shown"
paper1,6,19,"inthetemporaryrow○k.Ifthesemanticconditionsaremet,thetemporaryrowwillbeappendedtotheoutputpanel○l .Tolearnmore"
paper1,6,20,"abouthowthecontentmatchwiththeconditions,theusermayclickontheinformationicon○m."
paper1,6,21,oftheTemporaryRow(Fig.4.k).SemanticOnevaluatesconditions mode.SemanticOnscrollsintothenextrowofthedestinationand
paper1,6,22,"associatedwitheachcolumnbeforetherowisaddedtotheoutput highlightsthenextelementtobeextracted.Fortheimage,aprompt"
paper1,6,23,"panelorskipped.However,atthedemonstrationstage,thecondi- statesthatthegeneratedcaptionmatchedwiththeinitialimage"
paper1,6,24,"tionwillnotbetriggered,asweassumeuserswillonlydemonstrate condition“alakebeneaththemountainrange”.Miaconfirmsthis"
paper1,6,25,"macroactionsonthecontenttheywanttoinclude.Miathenselects selectionandletsSemanticOncontinue.However,Miafindsthat"
paper1,6,26,"the“ScrapeText”actionandrepeatsthestepsforthedestination herinitialtextconditionistoogeneral,asthesysteminformsher"
paper1,6,27,"description.Asbothcolumnsinthetemporaryrowarefilled,the thetextconditiondoesnotmatchthecurrenttextandpresents"
paper1,6,28,entirerowisaddedtotheoutputpanel(Fig.4.l). keyphrasesfromthiselementtobepotentiallyusedasrefinement
paper1,6,29,(Fig.5). She realizes that “scenic hiking trails” would be a good
paper1,6,30,textualconditiontoinclude.Shealsodiscovers“pettravel” asakey
paper1,6,31,"phrase.MiawouldlovetotakeherdogSushionthetrip,soshealso"
paper1,6,32,"selectsthatkeyphrase.Aftersheclicks“Finish,”thosetwophrases"
paper1,6,33,"areaddedtothetextconditiontable,andthehighlightedtextis"
paper1,6,34,consideredaccepted.
paper1,6,35,Afterinspectingseveralelementsinsemi-automationmodeand
paper1,6,36,"refiningtheconditionsetwithsystemprompts,Miafeelssatisfied"
paper1,6,37,withthesystem’sinterpretationofherrequirements.Sheclickson
paper1,6,38,the“HidePrompt”button(Fig.4.b)toallowthesystemtoautomat-
paper1,6,39,Figure5:Exampleofsystempromptwhennewcontentdoes icallypredictandfiltertherestofthewebpagecontentwithout
paper1,6,40,notmatchwithcurrentcondition. stoppingforuserconfirmation. Miasitsbackandwaitsforthe
paper1,6,41,"programtofinish.However,shenoticesthatforonedestination,"
paper1,6,42,"Miarepeatsherdemonstrationforaseconddestinationthatfits “GrandCanyon,USA,” thesystemfilterstheimageasitdoesnot"
paper1,6,43,"herrequirement.Aftertworowsofuserdemonstration,WebRobot match“alakebeneaththemountainrange”.However,sheactually"
paper1,6,44,"cansynthesizethewebautomationprogramandpredicttheuser’s wantstoincludethisdestinationinherlist,asshecanstillengagein"
paper1,6,45,"next step, so the system now enters a guided semi-automation outdooractivitiessuchashikingandkayaking.Torepairthiserror,"
paper1,7,1,Both image and text
paper1,7,2,Detailed highlight on Only image
paper1,7,3,both content User Enter Popup
paper1,7,4,"SemanticOn:SpSechifoywin gtwCoon wtenint-dBoawsesd Soefm anticConditionsforWebAutomationProgramSsummarize content UIST’22,October29-November2,2022,Bend,OR,USA"
paper1,7,5,system results
paper1,7,6,System Suggests
paper1,7,7,a
paper1,7,8,for image
paper1,7,9,User Enters for
paper1,7,10,image and text
paper1,7,11,c
paper1,7,12,System Suggests b
paper1,7,13,for text
paper1,7,14,"Figure6:TwoconditionspecificationmethodsinSemanticOn.Afterenteringthesystemsuggestsmode,theusermaydrawonimages."
paper1,7,15,"Then,aprompt○a containingdetectedobjectswithinthatregion,andageneraldescriptionoftheimagewillbeshown.Similarly,theuser"
paper1,7,16,"mayhighlightsectionsoftext,andthesystemwillprompt○b importantkeyphraseswithinthehighlightedportion.Usersmaymanually"
paper1,7,17,enterconditionsbyclickingonanimageorsectionoftextandenteringtheirconditions○c.
paper1,7,18,"Miapausestheautomationprocess(Fig.4.i,7.b).Shethenmanually analyzeandprovidesuggestedconditions(Fig.4.d).Uponselecting"
paper1,7,19,"scrapesthetextdescriptionanddownloadstheimageusingthe thetypeofconditionandthespecificationmethod,theuserchooses"
paper1,7,20,"actionpanel(Fig.4.j).It’sworthnotingthatduringthepause,Mia’s anelementonthewebpageasthebasisofthesemanticcondition."
paper1,7,21,"webmacrosarenotusedforprogramsynthesisandthereforedo Inspiredbyrecentprompt-basedinteractions[33,50,79],aprompt"
paper1,7,22,"notaffectthecurrentautomationprogram.Miaalsoaddsanother displaysnexttotheselectedtextorimageelementforUserEnters,"
paper1,7,23,"imageconditionusingUserEnters,specifying“acanyonvalleywith encouragingtheusertoenterasemanticdescriptionoftheirsearch"
paper1,7,24,"river” asanotherinstanceofheridealdestination.Whilethepro- criteria(Fig.6.c).Thisdescription,alongwiththecontextofthetext"
paper1,7,25,"gramispaused,Miascrollsthrough,evaluatestheoutputpanel, orimageelement,isaddedtotheconditionalpanelonSemanticOn"
paper1,7,26,"andcandeleteoutputrowsthatwereaddedbysystemmistakeor (Fig.4.f,g,h).Incomparison,forSystemSuggests,theuserneedsto"
paper1,7,27,modify/deleteconditionsduringthepause(Fig.7.d).Aftersheis highlightthecrucialpartofthecontenttosettheconditionon.
paper1,7,28,"satisfiedwiththerefinedconditionsetandthecurrentresults,Mia Forimages,theuserbrushesoveranareaofinterestwiththeir"
paper1,7,29,clicks“Resume”tocontinuetheautomation.Theprogramiterates mouse(Fig.6.a)toillustrate.Theimageisfedthroughanoff-the-
paper1,7,30,throughtherestofthewebpageandcollectsfiltereddatabasedon shelf pre-trained multi-layer Transformer model that learns to
paper1,7,31,"Mia’ssemanticconditions.Aftertheprogramends,Miastopsthe alignimage-leveltagswiththeircorrespondingimageregionfea-"
paper1,7,32,"webmacrorecording,andthecollectedresultsareexportedasa tures [32]. The model detects objects for the illustrated section"
paper1,7,33,"JSONfile.MiausesSemanticOntocreateatailoredwebautomation andgeneratesacaptionfortheentireimage.Fortexts,theuser"
paper1,7,34,programwithoutwritinganycode.Shealsoobtainsahigh-accuracy highlightsrelevantphrasesorsentenceswiththeirmouse(Fig.6.b).
paper1,7,35,"resultsetofheridealtraveldestinationsbycontinuouslyworking Similarly,thetextisprocessedbyanoff-the-shelfunsupervised"
paper1,7,36,withSemanticOntoclarifyandrefineconditionsandrepairerrors. languagemodelwherethenounphrasesintheinputtextarefirst
paper1,7,37,detectedandthenrankedbasedonfrequencyandco-occurrence.
paper1,7,38,4.2 DesignandImplementation Themodelgenerateskeyphrasesinthepassagehighlightedbythe
paper1,7,39,"WeimplementedSemanticOnasaChromebrowserextension,in- user.Theusercanthenpickanyobject,caption,orphrasetags"
paper1,7,40,"corporatingthecoreprogramsynthesisenginefromanexistingsys- toaddtotheconditiontable(Fig.4.f,g,h).Weusedthesemodels"
paper1,7,41,"tem,WebRobot.Primarily,itusesplainJavaScriptforthefront-end throughtheMicrosoftAzureCognitiveServicesandCloudplat-"
paper1,7,42,"interactions.Forsemanticconditioncomprehension,weadopted form.2 Guided by the design of other systems [17, 31], we also"
paper1,7,43,"twooff-the-shelfTransformermodels. implementededit,delete,andlogicaloperationsformultiplecon-"
paper1,7,44,"ditionspecifications,allowingtheusertomodify,remove,orset"
paper1,7,45,4.2.1 Step1:SpecifySemanticConditions. Toenablecontent-based theAND/ORlogicswitchontheconditions(Fig.4.e).Theycanalso
paper1,7,46,"semanticconditionsspecification(DG1),SemanticOnallowsusers"
paper1,7,47,applytheconditiontooneoralloftheoutputcolumns.
paper1,7,48,toaddconditioncriteriatospecificcontentonthetargetwebsite.
paper1,7,49,"Currently,thesystemsupportsconditionsontextandimagecontent 4.2.2 Step2:DemonstrateActionsandAutomate. Oncetheuser"
paper1,7,50,"(Fig.4.c).Theusercanchooseoneofthetwomethodsofspecifica- setsinitialconditions,theycanstartthedemonstrationprocessby"
paper1,7,51,"tion:1)UserEnters,wheretheusercomposestheconditionusing clicking“StartRecording”(Fig.4.a).ThisinitializestheWebRobot"
paper1,7,52,"naturallanguage,or2)SystemSuggests,anovelspecificationtech-"
paper1,7,53,"niquewheretheuserhighlightsrelevantcontentforSemanticOnto 2MicrosoftAzure,https://tinyurl.com/55puwcf2"
paper1,8,1,b Semanticon UI
paper1,8,2,a Incorrect Image
paper1,8,3,C
paper1,8,4,d e
paper1,8,5,"f UIST’22,October29-November2,2022,Bend,OR,USA KevinPu,etal."
paper1,8,6,g
paper1,8,7,a
paper1,8,8,Wrong image
paper1,8,9,downloaded
paper1,8,10,User can repair result set
paper1,8,11,by deleting unwanted
paper1,8,12,result or manually
paper1,8,13,d
paper1,8,14,scraping missed content
paper1,8,15,c
paper1,8,16,"b While paused, user can"
paper1,8,17,refine condition set using
paper1,8,18,User can Pause edit and delete
paper1,8,19,automation
paper1,8,20,"Figure7:SemanticOnErrorRepairWorkflow.Auserwantstodownloadcutepicturesofacatandadogcuddling,buttheynoticea"
paper1,8,21,"photooftwocatsisbeingscrapedbymistake○a.Theuserpausesthesystem○b.Then,theusercanedittheconditiondescription,delete"
paper1,8,22,"conditions○c,anddeletetheincorrectlyscrapedresult○d."
paper1,8,23,"systemonthecurrentwebpage.Theusercanthenselectoneof withtheconditionset,theuserisnotifiedbyapromptinforming"
paper1,8,24,"thethreeactionsundertheactionpanel:ScrapeText,Download themwhichpartofthecontentwasmatched.Incontrast,ifthenew"
paper1,8,25,"Image,andNormal(Fig.4.j).TheScrapeTextandDownloadImage contentisambiguousordoesnotmatchwiththeconditionset,the"
paper1,8,26,actionsallowuserstoclickonthedesiredtextorimageelementand userispromptedwithasetofsuggestedconditions(objectsand
paper1,8,27,"extracttheinformationintothetableinoutputpanel.Incontrast, captionsforimages,keyphrasesfortext)generatedbyMLmodel"
paper1,8,28,theNormalactionallowstheusertonavigateandpaginatetheweb processing(Fig.5).Theusercanclarifytheirintentbyselecting
paper1,8,29,"page.Forexample,theusercanuseNormaltoclickintoawebpage, suggestedconditionstoappendtotheconditionset.Thenewcon-"
paper1,8,30,"useScrapeTexttoextractapassage,andswitchbacktoNormalto tentwillbeacceptedandaddedtotheoutputresults.Alternatively,"
paper1,8,31,"returntothepreviouspage.WebRobotregistersthisentiresequence the user can reject the system’s prediction by clicking “Finish”,"
paper1,8,32,"ofwebmacrosandgeneratesanautomationprogramtorepeatit. inwhichcasetheconditionsetremainsunchanged,andthenew"
paper1,8,33,Aftertheuserdemonstratestheirintendedpatternofactions contentisdiscarded.Thesemi-automationmodeguidestheuser
paper1,8,34,"twice,WebRobotgeneratesanautomationprogramandpredicts throughconditionspecificationandrefinement.Theusermight"
paper1,8,35,thenextaction.SemanticOnalsoentersaguidedsemi-automation beginwithahigh-levelideaoftheirsearchquerybutcanrefine
paper1,8,36,"mode.Thatis,foreverydataextractionactionpredicted,thesystem andadjustituponseeingSemanticOn’sinterpretationoftheresult."
paper1,8,37,parsesthecontentthroughmachinelearningmodels.Anewimage Theusercanaddnewconditionstocoverunforeseencasesorto
paper1,8,38,isconsideredmatchingwiththecurrentconditionsif1)anobject modify/deletevagueorover-specifiedconditionsthatfilterresults
paper1,8,39,specifiedintheimageconditionisdetected(e.g.userspecifieda inanunintendedway.
paper1,8,40,"dog,andthenewimageconsistsofahumanpettingadog),or2) Aftergoingthroughpredictedcontent,administeringdecisions,"
paper1,8,41,"thenewcaptionyieldsasimilarityscoreaboveacertainthreshold andrefiningconditions,theusermightfeelsatisfiedwiththesetof"
paper1,8,42,"whencomparedwithcaptionsspecifiedintheimagecondition.The conditions.Inthatcase,theusercanchoosetohidesystemprompts"
paper1,8,43,"imagecaptionandtextcontentsimilaritythresholdsweresetto0.5 (Fig.4.b)forrejectedcontentandenterfullautomation.Inthismode,"
paper1,8,44,"and0.4,respectively,basedonourbenchmarktesting.Anewtextis SemanticOncontinuouslyexecutesthepredictedwebmacrosand"
paper1,8,45,"consideredmatchingifityieldsasimilarityscoreaboveathreshold assesseseachnewpieceofcontent,outputtingtheinformation"
paper1,8,46,whencomparedwithspecifiedtextconditions.WeusedaSentence- accordingly.Thisisdonebyaddingaconditionevaluationstep
paper1,8,47,"Transformertocalculatethesemanticsimilaritybetweencaptions afterexecutingeverymacrobeforeextractingthedata.However,"
paper1,8,48,"andtexts[67].ThemodelutilizesSentence-BERT(SBERT),apre- whentheuserdetectsafilteringerror,theycanusethe“Pause"
paper1,8,49,trained network that derives semantically meaningful sentence Automation”buttontoreclaimmanualcontrol(Fig.7.b).Whenthe
paper1,8,50,"embeddingsthatcanbecomparedusingcosine-similarity.Toavoid systemispaused,theuserisfreetomodifytheoutputresulttable."
paper1,8,51,"thelow-scorecomparisonbetweenanentireparagraphandakey Foreachassessedpieceofoutput,aninformationiconisdisplayed"
paper1,8,52,"phrase,wechunkthetextcontentandconditionsintosentences attheendofthetablecell(Fig.4.m).Onceclicked,itwillexpand"
paper1,8,53,andseeifanypairresultsinahighsimilarityscore. anddisplaytheMLprocessingresultsforthatcontent.Theusercan
paper1,8,54,repairsystem-madeerrorsbydeletingrowsofambiguousresults
paper1,8,55,"4.2.3 Step3:Refine,Repair,andCoordinate. Tohelpuserseasily acceptedbythesystembutmisalignedwiththeuser’smentalmodel"
paper1,8,56,"refinetheirintent(DG2)andrepairmistakes(DG3),weadopted (Fig.7.d).Theycanalsomanuallyusetheactionpaneltoaddcontent"
paper1,8,57,"thehuman-in-the-loopapproach[24,59,63]andintroducedasemi- rejectedbythesystembutmatchestheuser’sneeds.Inaddition,"
paper1,8,58,automationmodetoeasethetransitionbetweenmanualdemon- theusercanlearnfromthefilteringresultstoaddnewconditions
paper1,8,59,"strationandfullsystemautomation.First,torepairunexpected theyomittedorunder-specified.Likewise,conditioneditingand"
paper1,8,60,"resultsorconditions,SemanticOnoffersusersaprogrampause deletionarealsoavailableduringthepause(Fig.7.c).Thisway,"
paper1,8,61,"function,whichisimportantanduniqueincontinuousAIsystems. theusercanfeelconfidentabouttheautomaticselectionofresults,"
paper1,8,62,"Inthesemi-automationmode,ifnewtextorimagecontentmatches astheyalwayshavethepowertoreclaimmanualcontrol,repair"
paper1,9,1,"SemanticOn:SpecifyingContent-BasedSemanticConditionsforWebAutomationPrograms UIST’22,October29-November2,2022,Bend,OR,USA"
paper1,9,2,"systemmistakes,andclarifytheirintents.Notethatduringpause, onlineforums,twobasedonimage-heavywebsites(petwallpa-"
paper1,9,3,"noneofthesestepsarerecordedforprogramsynthesisanddonot pers3,streetphotography4),twowithtext-heavycontent(movie"
paper1,9,4,"affecttheautomationprogram. starbiographies5,listofnovels6),andonetaskwithavarietyof"
paper1,9,5,bothimageandtextcontent(beautifulplacesintheworld7).Par-
paper1,9,6,ticipantsneededtoextractonlyimagesoronlytextcontentfor
paper1,9,7,5 SYSTEMEVALUATION
paper1,9,8,"thefirstfourtasks.Inaddition,theywererandomlyassignedto"
paper1,9,9,Weconductedanin-personuserstudytoevaluateSemanticOn’s useUserEntersandSystemSuggestsastheirspecificationmethod
paper1,9,10,usabilityandcomparethetwomethodsforconditionspecifications. forthefirstfourtasks.Wecounterbalancedtheorderingofimage
paper1,9,11,ThisevaluationwasguidedbytheusageevaluationintheHCI versustexttasksandtheassignedspecificationmethodtoeliminate
paper1,9,12,"toolkitevaluationstrategyclassification[41]. sequenceandlearningeffects.Tostandardizetaskdifficulty,par-"
paper1,9,13,ticipantsneededtoextractthetop15textpassagesand/orimages
paper1,9,14,"fromthewebsitebasedonasemanticcondition.Forthefinaltask,"
paper1,9,15,5.1 Participants
paper1,9,16,participantsneededtoscrapebothimagesandtextintwoseparate
paper1,9,17,"Werecruited10people(5F5M,meanage24.3,meancodingexperi- columnsandwerefreetousebothconditionspecificationmethods."
paper1,9,18,ence4.6years)atalargepublicuniversity.Participantsaredenoted Task5servedasanexplorationtaskforparticipantstoevaluateand
paper1,9,19,asP1-P10insubsequentsections.Sevenoftheparticipantswere comparethetwospecificationmethodsandwasnotconstrainedby
paper1,9,20,"graduate students, and three were undergraduates. Five partici- aresultsetortime.Participantsengagedinthistaskuntiltheend"
paper1,9,21,"pantshavewrittenwebautomationprogramsorusedcommercial ofthestudy.Therefore,Task5wasnotincludedinthequantitative"
paper1,9,22,toolstosomeextent.Theparticipantswerecontactedbyemailto analysisforaccuracyanddurationinthelatersections.
paper1,9,23,participateinastudywheretheywouldinteractwithcomputer Wedesignedtheconditionsbasedonthecontentitselfandes-
paper1,9,24,softwaretocreatewebautomationprograms. tablishedagroundtruthresultsetthatwascomparedwiththe
paper1,9,25,participant’sresulttomeasureaccuracy.Theconditionswerede-
paper1,9,26,"signedsothatinthegroundtruthset,thenumberofresultspassing"
paper1,9,27,5.2 StudyDesign
paper1,9,28,andfailingtheconditionacrossalltaskswasapproximatelythe
paper1,9,29,"Aftersigningourconsentform,eachparticipantfirstwatcheda same(31passes,29fails)."
paper1,9,30,tutorialvideoofSemanticOn’sinterfaceandfeatures.Thenpar-
paper1,9,31,"ticipantsperformedfivetasksusingSemanticOn.Foreachtask, 5.4 Results"
paper1,9,32,theyweregivenatasksheetwithasemanticconditionalintent.
paper1,9,33,5.4.1 Timeandaccuracy. Theuserstudyrecorded40scenarios(10
paper1,9,34,"Similartothepostedtasksinonlineforums,thedescriptionswere"
paper1,9,35,participantsx4tasks);oneinstancewasdiscardedfromanalysisdue
paper1,9,36,"intentionallyvague,sotheusercouldnotcopytheinstructions"
paper1,9,37,"toarecordingissue,resultingin39totaltaskcompletions.Table1"
paper1,9,38,verbatimandwouldneedtoformalizetheirownideaofhowto
paper1,9,39,liststheaveragetime(inminute:second)eachparticipantspentand
paper1,9,40,specifyandrefinetheconditions.Theparticipantscouldrequestthe
paper1,9,41,theaccuracy(percentageofcorrectlyincludedandexcludedresults)
paper1,9,42,experimenter’sassistanceatanytimeduringthesession.Afterthe
paper1,9,43,oneachtask.Theoverallaveragedurationis06:10(imagetasks
paper1,9,44,"participantscompletedthetasks,weconductedashortinterview"
paper1,9,45,"mean=05:55,texttasksmean=06:25),andtheoverallaveragetask"
paper1,9,46,"withthemregardingtheirexperience.Additionally,theyfilledout accuracyis80.7%(imagetasksmean = 83.0%,texttasksmean ="
paper1,9,47,ashortsurveywithLikertscaleandshort-answerquestionswhen
paper1,9,48,78.5%).Wecouldnotidentifystatisticalsignificanceinthedifference
paper1,9,49,theyexited.Theparticipantswerecompensated$25fortheirtime.
paper1,9,50,inaccuracyanddurationacrossimageandtexttasks.
paper1,9,51,Eachsessiontook60-75minutesandwasconductedinpersonon
paper1,9,52,WealsoanalyzedthedatacomparingusagesofUserEntersver-
paper1,9,53,ourmachine.Allsessionswerescreen-andaudio-recorded.Our
paper1,9,54,susSystemSuggests.Theaveragedurationwas06:22forUserEnters
paper1,9,55,studyisapprovedbytheIRBatourinstitution.
paper1,9,56,tasksand05:57forSystemSuggeststasks.Intermsofmeanaccu-
paper1,9,57,"racy,participantsachieved83.0%forUserEnterstasksand78.5%"
paper1,9,58,"forSystemSuggeststasks.Again,thedifferencesareunabletobe"
paper1,9,59,5.3 Tasks
paper1,9,60,identifiedasstatisticallysignificant.
paper1,9,61,Throughananalysisofonlinewebscrapingrequestpostsfrom
paper1,9,62,"iMacrosForum[3],andStackOverflow[7],wedesignedfivetasks 5.4.2 Overalleffectivenessinintentspecification. Intheexitsurvey,"
paper1,9,63,"thatrepresentthechallengeofcreatingwebautomationprograms participantsratedtheeaseofuseofSemanticOnoverall,theease"
paper1,9,64,"withsemanticconditions.TheAppendix(Fig8)showsthedetails ofuseofeachspecificationmethod,theirmentaleffort,andtheir"
paper1,9,65,oftheuserstudytasks.Toevaluatetheusabilityandutilityofthe trustinthesystem.Table2displaystheaveragescoreforLikert
paper1,9,66,systemandcomparetheeffectivenessoftwointentspecification scalequestionsonSemanticOn’susability.Onascaleof1(strongly
paper1,9,67,"methods,wedesignedthetaskswiththefollowinggoalsinmind: disagree,verynegative)to7(stronglyagree,verypositive),par-"
paper1,9,68,1) the web content to be scraped should be realistic and easily ticipantsbelievedtheirspecifiedconditionsweredisplayedinan
paper1,9,69,"understoodbyparticipants,2)thetasksshouldextractinforma- easilyunderstandableway(mean = 6.0,SD = 1.1)andthatthe"
paper1,9,70,"tionbasedontextandimagecontent,3)theconditioncriteriaand"
paper1,9,71,"thecorrespondingresultsshouldcontainsomeambiguitytoallow 3PetWallpapers,https://tinyurl.com/47kr3mz6"
paper1,9,72,"roomforrefinement,and4)thetasksshouldhelpSemanticOnto"
paper1,9,73,"4StreetPhotographers,https://tinyurl.com/bdppfa48"
paper1,9,74,"5MovieStars,https://tinyurl.com/zsnkne5r"
paper1,9,75,"demonstratethesystem’sfullcapabilities.Toachievethisgoal,we 6BestRomanceNovels,https://tinyurl.com/mryjs47h"
paper1,9,76,"adoptedandpilotedfivewebscrapingrequestsbyrealuserson 7VacationDestinations,https://tinyurl.com/4peucx3p"
paper1,10,1,"UIST’22,October29-November2,2022,Bend,OR,USA KevinPu,etal."
paper1,10,2,"Completiontime However,whenmeasuringtheaveragenumberofinitialconditions"
paper1,10,3,Taskindex Accuracy
paper1,10,4,"(mean,SDinmm:ss) setbeforethedemonstration,participantsspecifiedanaverageof"
paper1,10,5,2.6conditionsforUserEntersand4.1conditionsforSystemSuggests
paper1,10,6,1 05:06(01:43) 85.3%
paper1,10,7,(p <0.05).Thispointstoadifferenceinease-of-useandcondition-
paper1,10,8,2 06:58(02:28) 68.9%
paper1,10,9,"generationcapabilitybetweenthetwomethods,whichisfurther"
paper1,10,10,3 06:44(01:50) 81.3%
paper1,10,11,exploredinDiscussion.
paper1,10,12,4 05:56(01:50) 86.0%
paper1,10,13,Table1:Averagetimespentoneachtask.Tasks1and3are
paper1,10,14,"Question LikertScale(Mean,SD)"
paper1,10,15,imagetasks;tasks2and4aretexttasks.
paper1,10,16,UserEntersExperience 5.3(1.0)
paper1,10,17,system-generatedpromptsinsemi-automationmodehelpedthem SystemSuggestsExperience 5.1(1.2)
paper1,10,18,"refinetheirintent(mean=5.6,SD=0.97).However,participants UserEntersEaseofUse 5.1(1.0)"
paper1,10,19,hadpolarizedopinionsonthestatement“itwaseasytocoordinate SystemSuggestsEaseofUse 5.7(0.8)
paper1,10,20,"(claimcontrols,pause/resume,show/hideprompts)withSemanticOn CoordinationtoRefineSpecifications 4.7(1.6)"
paper1,10,21,"torepairunder-orover-specifications,” with5participantsagreeing UsefulnessofGeneratedPrompts 5.6(0.9)"
paper1,10,22,"and3participantsdisagreeing(mean = 4.7,SD = 1.7).Overall, ConditionsDisplayedClearly 6.0(1.0)"
paper1,10,23,theuserswidelyacceptedthesemi-automationworkflowtowards TrustinFullAutomation 4.5(1.5)
paper1,10,24,automationandtheopportunitytoadjustconditionslateronby SuccessinCompletingTask 5.0(0.9)
paper1,10,25,pausing.9outof10participantsaddedrefinementconditionsfor
paper1,10,26,"Tasks1-4,andallparticipantsutilizedthesystempromptsinsemi-"
paper1,10,27,automationmodetorefinetheirconditionsinTask5. MentalDemand 4.6(1.7)
paper1,10,28,EfforttoAchieveResults 4.9(1.3)
paper1,10,29,"5.4.3 Error-handling Analysis. As per DG3, SemanticOn offers"
paper1,10,30,FeelingsofInsecurityandStress 5.2(1.7)
paper1,10,31,error-handlingtechniquesforusersduringfullautomation.We
paper1,10,32,FeelingsofBeingHurriedorRushed 4.9(1.6)
paper1,10,33,measuredparticipants’usageofthreeerrorrepairmethods:con-
paper1,10,34,"ditiondeletion,resultdeletion,andmanualresultaddition.Most"
paper1,10,35,"usersoptedtousethepauseandrepairfunctionalities,as7par- Table2:SurveyResponses.Forsectionone(top),1isverynega-"
paper1,10,36,"ticipantsdeletedtheirspecifiedconditionsduetoinaccuracies,6 tive,and7isverypositive.Forsectiontwo(bottom),1isveryhigh"
paper1,10,37,"participantsremovedundesiredoutputtorepairsystemmistakes, mentaldemand,effort,insecurityandstress,andfeelingsofbeing"
paper1,10,38,and2participantsmanuallyaddeddesiredcontentsmissedbythe hurriedandrushed.
paper1,10,39,filter.Theutilizationoftheerror-handlingfeaturesvariedbasedon
paper1,10,40,"thetasktype.Forconditiondeletion,wefound16instancesacross"
paper1,10,41,"imagetasksand0instancesfortexttasks.Similarly,therewere11"
paper1,10,42,5.4.5 MentaleffortandAIsystemtrust. Participantsalsoreported
paper1,10,43,instancesofresultdeletionforimagetasksand2fortexttasks.As
paper1,10,44,ontheirmentaleffortincompletingthetasksandtheirtrustinthe
paper1,10,45,"formanualresultaddition,wefound3instancesforimagetasks"
paper1,10,46,AIsysteminthesurvey.Participantsgenerallyreportedmedium
paper1,10,47,andnonefortexttasks.Thisdifferencecanberelatedtothecontent
paper1,10,48,"to high mental effort using SemanticOn, especially at the start"
paper1,10,49,processingspeedsforvisualversustextualmaterials.Thecondition
paper1,10,50,of the study when they had to familiarize themselves with the
paper1,10,51,specificationmethodalsoplaysaroleintheusageoferror-handling
paper1,10,52,"interfaceandremembertheworkflow(P2,P5,P6,P7).Onascaleof"
paper1,10,53,features.Weobserved4instancesofconditiondeletionsforUser
paper1,10,54,"1(verydemanding,veryhard,notsuccessful)to7(notdemanding,"
paper1,10,55,"Entersand12forSystemSuggests.Inaddition,wefound4result"
paper1,10,56,"nothardatall,verysuccessful),participantsexperiencedmedium"
paper1,10,57,deletioninstancesforUserEntersand9forSystemSuggests.This
paper1,10,58,"mentaldemand(mean=4.6,SD=1.8)andmediumeffort(mean="
paper1,10,59,canbeattributedtothedifferenceintherequiredeffortforeach
paper1,10,60,"4.9,SD = 1.4).Theybelievedtheywererelativelysuccessfulin"
paper1,10,61,workflow.WeexpandonthesevarietiesinourDiscussion.
paper1,10,62,"accomplishingthetasks(mean=5.0,SD=0.94)."
paper1,10,63,5.4.4 ComparisonbetweenUserEntersandSystemSuggests. Re- Wealsofoundthattheparticipantsexhibitedamediumlevelof
paper1,10,64,"gardingthedifferencebetweenthetwospecificationmethods,par- trust(mean = 4.5,SD = 1.6)towardstheAIsystem’sprediction"
paper1,10,65,ticipantsfoundbothexperiencescomparablebutthoughtSystem infullautomation. Sixuserswerecomfortableenteringfullau-
paper1,10,66,"Suggestwaseasiertouse.P10said,“[Mypreference]reallydepends tomationmodeforatleastonetask.However,P3andP7expressed"
paper1,10,67,"onthetask,butIreallylikedtheSystemSuggestsmode,especially verylowtrustintheautomatedprediction(bothrated2outof7in"
paper1,10,68,"forwordsitwasreallyeasytouseandaccurate.” Whenassessing survey).Duringtheinterview,someparticipants(P5,P9)alsocom-"
paper1,10,69,"theoverallexperiencetospecifyconditions,participantsratedUser mentedthattheirtrustinthesystemdependedonthecontenttype"
paper1,10,70,"Entersslightlyhigher(mean=5.3,SD=1.1)thanSystemSuggests andthenumberofrefinementsrequiredforeachtask.Forexample,"
paper1,10,71,"(mean=5.1,SD=1.2).Butwhenevaluatingtheeaseofuseforeach P5mentionedthey“trustthispicturetaskabitmore...[because]text"
paper1,10,72,"interaction,usersratedenteringtheirownnaturallanguagedescrip- hasmoregroup[ing]sandpotentialvariations” whentheyused11"
paper1,10,73,"tionslower(mean=5.1,SD=1.1)thanbrushing,highlighting,or textrefinementsandonly1imagerefinement.Weanalyzetheeffect"
paper1,10,74,"choosingsystem-suggestedconditions(mean=5.7,SD=0.82).We ofcontenttypeonusers’perceptionofthetaskandoursystemin"
paper1,10,75,wereunabletoidentifystatisticalsignificanceinthesedifferences. theDiscussion.
paper1,11,1,"SemanticOn:SpecifyingContent-BasedSemanticConditionsforWebAutomationPrograms UIST’22,October29-November2,2022,Bend,OR,USA"
paper1,11,2,"6 DISCUSSION robustness,thesystemmustbecautiousnottooverloaduserswith"
paper1,11,3,"Basedontheevaluation,wepresentanalysisofthehuman-AIcol- interactiontechniquesandinterruptions."
paper1,11,4,laborationtechniquesandtheroleofeachagentinSemanticOn.We
paper1,11,5,alsodiscusstheimplicationsofaddingsimilarity-basedmachine
paper1,11,6,6.2 Similarity-basedModelinPBDSystems
paper1,11,7,"learningmodelsinsymbolicPBDsystems.Inaddition,wereport"
paper1,11,8,findingsonusers’trade-offsinusingUserEntersandSystemSug- AmaincontributionofSemanticOnisintroducinganewinteraction
paper1,11,9,"gests,aswellastheintentspecificationeffectivenessandsystem paradigmforuserstocontinuouslyadd/refinesemanticconditions"
paper1,11,10,"limitationstoprovideinsightsonfuturedesigns. inprogramming-by-demonstration(PBD)systems.Inparticular,it"
paper1,11,11,enablesuserstoexpressintentviasimilarity-basedmachinelearn-
paper1,11,12,ingmodels.Thisspecificationisatahigherabstractionlevelthan
paper1,11,13,"pure symbolic systems based on DOM structure. Here, we dis-"
paper1,11,14,6.1 Human-AICollaboration
paper1,11,15,cusstheadvantagesanddisadvantagesofexpressingintentusing
paper1,11,16,"TheuserworkflowofSemanticOnconsistsofbothahumanandan similarity-basedstatisticalmodelsversuspuresymbolicsystems,"
paper1,11,17,"artificialintelligenceagent;theyexchangecontrolindifferentparts theimplicationsofaddingstatisticalmodelsinPBDsystems,and"
paper1,11,18,oftheinteractionandcollaboratetobuildacompleteandaccurate thegeneralizabilityandviabilityofSemanticOnagainsterrors.
paper1,11,19,"webautomationprogram.InSemanticOn,weutilizemachinelearn- TraditionalsymbolicautomationsystemslikeWebRobotarero-"
paper1,11,20,ingmodels’classificationefficiencytorapidlyprocesstextsand bustatunderstandingspecificuseractionsandgeneralizingthem
paper1,11,21,"images,summarizethecontent,andprovidesuggestedsemantic intorepeatablestepsinasynthesizedprogram.Thisisachieved"
paper1,11,22,"filterstotheuser.Thissavestheuser’smentaleffortsignificantly, byiteratingovertheelementsintheDOMstructureoftheweb-"
paper1,11,23,"asitisnolongerthehuman’sroletoparsecontentandidentifyan sitesandgeneralizingthepattern.Meanwhile,statisticalmachine"
paper1,11,24,"inclusionorexclusiondecision.However,italsointroducesanew learningmodelsareusefulatparsinghigh-leveluserintentand"
paper1,11,25,"sourceoferrortowebautomation,assimilarity-basedmodelscan matchingunstructured,butsemanticallysimilarconcepts,forexam-"
paper1,11,26,"mislabelinputsandresultinfalsepositiveandfalsenegativedata. pleextractingkeyentitiesfromanaturallanguageinput.However,"
paper1,11,27,Thisiswhyhumanisalwaysinvolvedinthecontinuoushuman-AI bothsystemsalonehavetheirlimitations.Similarity-basedmodels
paper1,11,28,"collaboration in SemanticOn. After a couple of demonstrations, lackreasoningcapability.Themachinelearningmodelsweemploy"
paper1,11,29,theuserispromptedwithpotentialsemanticconditionsforeach classifytheinclusionandexclusionofcontentbasedonsemantic
paper1,11,30,"processedcontentinthesemi-automationmode.Additionally,even similarity, but they cannot derive further actions based on spe-"
paper1,11,31,"whentheuserfeelssatisfiedwiththesetofconditions,theprogram cificcriteria.Forexample,themodelsalonecouldnotconstructa"
paper1,11,32,"canstillbepausedatanytimeifamistakeisspottedortheuser programthatrepeatedlytakesinanimageURL,searchesit,and"
paper1,11,33,wantstoedittheconditions. downloadstheimagebasedonsemanticconditions.Itisefficientin
paper1,11,34,"Fromtheevaluationofthisinteractionparadigm,mostpartici- thelastfilteringstepbutineffectivewhenstructuralelementsneed"
paper1,11,35,"pants(7/10)reportedthattheworkflow’spathfromdemonstration tobegeneralized.Incontrast,symbolicmodelsthatreasonabouta"
paper1,11,36,toguidedsemi-automationtofullautomationwasintuitiveand setofuserinstructionsoveracertainwebsitestructuremightfail
paper1,11,37,useful.Thesemi-automationphasealloweduserstocalibratecon- togeneralizeifthequeryisunstructuredoroutsidethescopeof
paper1,11,38,"ditionswithSemanticOnandbetterunderstandtheAIsystem’s thetaskdomain,whilesimilaritymodelscancoverawiderrangeof"
paper1,11,39,interpretationoftheconditions.Thisisimportantasusersmight inputcontentthatarenotconstrainedbythestructure.SemanticOn
paper1,11,40,nothavehadawell-definedsemanticconditionattheprogram’s combinesthesetwotechniquesinaneffectivewaythatsealsthe
paper1,11,41,start.P4believedthatthe“humanbrainstillneedstothinkabout gapbetweenusers’semanticintentandwebautomation.
paper1,11,42,"[howtodescribethecondition]...andlinktoallthekeywords.These Fromapracticalstandpoint,traininganintelligentstatistical"
paper1,11,43,"wordsmightnotspecificallycometomindtothehuman.”Inthiscase, modelforthetaskswecoverinSemanticOn’suserevaluationwould"
paper1,11,44,"theinitialconditionsmaynotincludealloftheuser’sneeds,result- beeffortful.SystemslikeCalendar.help[22]requiremanyexpert"
paper1,11,45,inginlowfilteraccuracy.Thesemi-automationmodeprovidesaid heuristicsandevenhumanworkerstoautomateaveryspecifictask
paper1,11,46,"forthis.Forexample,P3mentionedthateveniftheresultswere ineventschedulingacrossdifferentparties.InSemanticOn,users"
paper1,11,47,"notaccurateatthestart,“Icaninteractivelytrytomake[automated compromisesomeeffortbydoingtworoundsofdemonstrationsof"
paper1,11,48,"prediction]betterasitgoes.”P4alsomentionedthat“thetransitional theirdesiredwebactions.Still,theautomationtaskscanbegeneral-"
paper1,11,49,"periodtotrusttheprocessisgood,savesalotoffuss.” izedtoadiversesetofdataonmanydifferentwebsites.Introducing"
paper1,11,50,"However,thestepstorefineconditionsandresultsthroughsys- similarity-basedmodelsinsymbolicsystemsdoespresentanew"
paper1,11,51,"tempromptsandautomationpausescouldrequiretoomuchuser sourceoferrorasthemodelscanfiltercontentincorrectly,inad-"
paper1,11,52,effortandbecometime-consuming.P5commentedthattheentire ditiontoprogramsynthesiserrorsinpure-symbolicsystems.To
paper1,11,53,"userexperiencewas“alittleslow...Ithinkthefine-tuningpartis amendthis,SemanticOnprovidescontinuousconditionrefinement"
paper1,11,54,"slow.Onceyoustart[fullautomation],thenit’sfine.” P2reported andoutputedit/deleteoptionssothatuserscanrepairclassification"
paper1,11,55,that“ittookmemultipletimestofigureoutthesequenceofthebut- errorseasilyandyieldmoreaccurateresults.
paper1,11,56,"tons.” Whentheyspottedsystemmistakes,P1andP4decidednot Ourworkdoesnotrelyonaspecificprogramsynthesizerto"
paper1,11,57,topauseandamendtheerrorsbecauseittooktoomucheffort. generateawebautomationprogramoraspecificmachinelearning
paper1,11,58,They believed the misclassified content was not detrimental to modeltofiltercontentsemantically.ThenoveltyofSemanticOnis
paper1,11,59,"theautomationtask,astherewasnorequirementforaccuracy. thesetofconditionspecification,refinement,anderror-correction"
paper1,11,60,"Whilesupplyinguserswithmultiplerefinementtoolsenhances interactions,whichcanbegeneralizedtootherPBDsystems."
paper1,12,1,"UIST’22,October29-November2,2022,Bend,OR,USA KevinPu,etal."
paper1,12,2,"6.3 UserEntersandSystemSuggests However,therewasatrade-offbetweenthesenseofcontroland"
paper1,12,3,Oneemphasisofthisprojectistocomparetheusabilityofthetwo therequiredeffort.Participantsratedalowerease-of-usescore
paper1,12,4,"semanticconditionspecificationmethods.Tosummarizethefind- onaverageforUserEnters(5.1versus5.7forSystemSuggests),de-"
paper1,12,5,"ings,participantsshiftedtheirpreferencebetweenSystemSuggests spiteithavingfewerinteractionsteps.Threeparticipants(P4,P5,"
paper1,12,6,andUserEntersbasedontwofactors:perceivedeffortandthetype P10)pointedoutthattheypreferredSystemSuggestsduetothe
paper1,12,7,ofcontentpresented.Whenparticipantsexpressedtheirprefer- convenienceandeaseofmentaleffort.SystemSuggestsisalsoad-
paper1,12,8,"encesandtherationalebehindusingeachspecificationmethod,we vantageousinreportingdetailsthatescapedtheuser’sattention."
paper1,12,9,"alsodiscoveredatrade-offbetweentheirsenseofcontrolandthe Forexample,P4pointedoutthattheypreferredSystemSuggests"
paper1,12,10,perceivedeffort. modebecauseitsometimescapturedthingsthattheuserfailedto
paper1,12,11,"recognizeorthinkof.Additionally,P7mentionedthatthey“quite"
paper1,12,12,"likeSystemSuggestsmore,[becauseitis]moresystematicandhigh-"
paper1,12,13,6.3.1 Perceivedeffortbasedoncontenttypes. Perceivedeffortplays
paper1,12,14,lightsspecificthings.” Participantscouldavoidcognitiveoverload
paper1,12,15,animportantroleinuserpreference.Whenitwaseasytosumma-
paper1,12,16,byhandingtheprocessinglabortoSemanticOnthroughSystem
paper1,12,17,"rizethetargetcontentonwhichusersneededtosetconditions,"
paper1,12,18,"Suggests,buttheywerelimitedtothegeneratedsetofconditions"
paper1,12,19,participants preferred to use User Enters to express their intent
paper1,12,20,foreachitem.Thistrade-offalsoaffectsparticipants’usageoferror
paper1,12,21,"insteadofselectingSystemSuggests,whichcouldbetoobroador"
paper1,12,22,handlingfeaturesduringautomation.Withtheincreasedcognitive
paper1,12,23,toospecific.P3remarkedthat“[UserEntersmakes]youfeellike[you
paper1,12,24,"loadinUserEnters,participantsaremuchlesslikelytopauseandre-"
paper1,12,25,have]morecontrolbecauseyouarelookingforaspecificthing.”
paper1,12,26,"pairtheirmistakesthanwhenusingSystemSuggests.However,this"
paper1,12,27,"Onthecontrary,whenthetargetcontentwasinformation-heavy"
paper1,12,28,couldbeexplainedbyparticipantsadoptinglessaccurateprompts
paper1,12,29,"andhardtoencapsulateinashortnaturallanguagedescription,"
paper1,12,30,"fromSystemSuggests,whichleadstomoreerrorsoverallforusers"
paper1,12,31,participantspreferredtouseSystemSuggeststohighlightthedetails
paper1,12,32,tofix.Futureworkcouldpotentiallycreateacombinedapproach
paper1,12,33,andletSemanticOnpresentpotentialconditions.P6commented
paper1,12,34,"whereuserscaneditsystem-suggestedconditions,yieldingasense"
paper1,12,35,that“IdolikethepossibilityofbeingabletosaythisiswhatIseein
paper1,12,36,ofcontrolandavoidingheavyuserefforts.
paper1,12,37,theimage[basedonSystemSuggests]...and[highlight]apartofthe
paper1,12,38,imagethatIthinkisimportant.”
paper1,12,39,WhenparticipantswerefreetousebothUserEntersandSystem
paper1,12,40,6.4 SystemEffectiveness
paper1,12,41,"Suggests(i.e.Task5inAppendixFig8),wefoundthattextcontent"
paper1,12,42,"inherentlytookmoreefforttoprocess,and7outof10participants Mostparticipants(8/10)agreedthatSemanticOnisaneffectivetool"
paper1,12,43,opted to use System Suggests to avoid reading a large block of forwebautomationandthattheconditionspecificationaspectis
paper1,12,44,"text.Incontrast,despitecontainingavarietyofobjectsandentity useful.Comparedwithmanualeffortandtraditionaldatascraping"
paper1,12,45,"relationships,thecorrespondingimagecontentcouldbeencoded methodssuchaswritingautomationscripts,participantsfoundSe-"
paper1,12,46,"andsummarizedmorequickly,and9outof10participantschose manticOn’sno-codesolutionnovelandeasiertouse.P5mentioned"
paper1,12,47,"tospecifytheirintentswithUserEnters. thatinmanualscrapingscenarios,“Control-Fwouldonlygetyou"
paper1,12,48,Thispreferencebasedoncontenttypepersistedduringcondition sofar” andthatthesystemis“mucheasierthanwritingyourown
paper1,12,49,"refinementinsemi-automationandfullautomationmodes.Partic- script...[and]morefunctionalit[ies]”Inaddition,P7thoughtthistool"
paper1,12,50,"ipantsexpresseddifficultyinparsingtextualinformationrapidly, “wouldbesuperhelpfulforsomeonenotcomfortablewithcode.[It"
paper1,12,51,astheycouldnotdistinguishwhetherthesystemmadethecorrect provides]loweffortbutmaximumreward.”
paper1,12,52,"selection.P3saidthat“texttaskingeneralismuchmoredifficult,” Morethanhalfoftheparticipants(6/10)believedthatSeman-"
paper1,12,53,"andP5commented,“whenitcomestotexttask,I’malittlelazyto ticOncouldbeappliedtorealistictasks.However,somefocused"
paper1,12,54,"readthroughallthis...sosystemcanjustgetmerelevantkeywords.” ontheconditionalselectionaspect,andothersemphasizedonthe"
paper1,12,55,"Ourobservationssupportthisasuserswerefarmorelikelytore- complexityofthetask.Forexample,P2commentedthatthesystem"
paper1,12,56,pairerrorsforimagetasksthantexttasksbydeletinginaccurate is“verygoodforselectivetasks[whenyou]onlywantafewimages
paper1,12,57,"conditionsandincorrectresults.Participantscanquicklyidentify fromalotofthem.” Similarly,P5suggestedthatSemanticOncould"
paper1,12,58,"whetheranimagefitstheconditionset,buttheycannotparse beusedforwebsiteswithoutrobustfiltering,searchengine,orcat-"
paper1,12,59,throughablockoftextastheautomationquicklyprocesseseach egoriesbecause“itcouldeasilymakeanywebsitesort-able.” Onthe
paper1,12,60,"rowofcontent.Basedonthisfinding,futuredesignsshouldaccount otherhand,P1enjoyedusingthistoolonTask5withbothimage"
paper1,12,61,fortheprocessingeffortfortextcontentandprovideusersmore andtextconditionscombinedandproposedthat“thistypeoftool
paper1,12,62,timeandaidinunderstandingandsummarizingtheinformation. wouldbenefit...powerusers[fortasks]likecreatingadataset...[and]
paper1,12,63,dealingwithcomplexthings.” Thesereportsprovideevidencefor
paper1,12,64,theneedofno-codesolutionsinconditionalwebautomationtasks.
paper1,12,65,6.3.2 SenseofControlandmentalefforttrade-off. Anotherkey
paper1,12,66,factorforspecificationpreferencewasthesenseofcontrol.Three
paper1,12,67,"participants(P3,P7,P10)listedabettersenseofcontrolastowhy"
paper1,12,68,6.5 SystemLimitations
paper1,12,69,"theypreferredUserEnters,wheretheycouldtailorthecondition"
paper1,12,70,"usingtheirterms.Inaddition,incaseswhereSystemSuggestssug- Thereareseverallimitationstooursystem.Firstistheefficiency"
paper1,12,71,"gestionswereinaccurate(e.g.,failingtodetectrelevanttextentities ofcoordination.Asmentioned,someparticipantsfoundtherefine-"
paper1,12,72,"orgenerateimagecaptionsattheappropriategranularity),some mentprocesscomplicatedandslowandwerereluctanttoutilize"
paper1,12,73,"participants(P2,P4,P6,P10)switchedtoUserEnters. thefunctionalitytoincreasesystemaccuracy.Infuturedesigns,"
paper1,13,1,"SemanticOn:SpecifyingContent-BasedSemanticConditionsforWebAutomationPrograms UIST’22,October29-November2,2022,Bend,OR,USA"
paper1,13,2,"theresearcherscouldsimplifytheuserinterfaceandtheinterac- Lastly,futuredesignscouldfurtherimprovethesystemusability"
paper1,13,3,tionstepsandcondensethesystempromptinformationtoreduce byreducingthementaleffort.Thedualprocessofcollaborating
paper1,13,4,cognitiveload. withanAIonbothdemonstratingwebmacrostosynthesizean
paper1,13,5,Anotherlimitationistherelativelylowaccuracyofthemachine automationprogramandspecifyingsemanticconditionstofilter
paper1,13,6,"learningmodelsitreliesontoclassifytextandimagecontent.Par- webcontentrequiresadecentamountofmentaleffort,especially"
paper1,13,7,"tially, this relates to a design decision we made when building foruserswhoarelessfamiliarwithprogrammingorwebscraping."
paper1,13,8,"SemanticOn.Wefirstusedtwostate-of-the-artmodels—OFA[74], Therefore,futuredesignsshouldalleviateusers’cognitiveloadwith"
paper1,13,9,"whichusesasequence-to-sequencelearningframework,andIm- amoreminimalistUIandmoreuserguidance."
paper1,13,10,"ageAI,whichusesaconvolutionalneuralnetwork[56],forimage"
paper1,13,11,"captioningandobjectdetection,andwewereabletoachievehigh 7 CONCLUSION"
paper1,13,12,"accuracy.However,theimageprocessingwascomputation-heavy Inthiswork,wedesignedanddevelopedSemanticOn,acollabora-"
paper1,13,13,andtookmorethan30secondsperimageonanoff-the-shelflaptop. tivesystemthatallowsuserstospecifyandrefinevisualandtextual
paper1,13,14,"Toreducethegulfofevaluation[62],weswitchedtotheMicrosoft conditionsthroughuser-entereddescriptionsandsystem-suggested"
paper1,13,15,"Azurecomputervisionmodel[32]fornear-instantcloudprocessing promptsinawebautomationprogram.Inasystemevaluation,we"
paper1,13,16,butwithloweraccuracyanddetaillevelforsomecontentdomains. foundthatparticipantscaneffectivelyuseSemanticOntocreate
paper1,13,17,"Similarly,forkeyphraseextraction,weemployedtheMicrosoft conditionalfiltersandrefinethemviacontinuoushuman-AIcollab-"
paper1,13,18,"Azurelanguagemodel,sendingtextcontentsviaRESTAPIcalls oration,collectingselectivewebcontentwithhighaccuracy.Par-"
paper1,13,19,fornear-instantprocessing.Buttheextractedkeyphrasesoften ticipants’feedbackalsosuggestedthataguidedsemi-automation
paper1,13,20,"havealowlevelofabstraction(i.e.extractingentitiesandnounsin mode,whereusersauthorizesystempredictions,helpedclarifyuser"
paper1,13,21,asentencewithoutindicationofinteraction)andcouldnotprovide intents.Wealsofoundatrade-offbetweenUserEntersandSystem
paper1,13,22,high-leveldescriptionslikethoseusedforimagecaptions. Suggestsregardingusereffortandthesenseofcontrol.Ourwork
paper1,13,23,"Additionally,SemanticOnbuildsuponanexistingsymbolicpro- canpointdirectionstofuturesystemandinteractiondesignsfor"
paper1,13,24,"gramsynthesissystem,WebRobot,whichhasitsownconstraints user-intentspecificationandrefinementinacontinuoushuman-AI"
paper1,13,25,andrequirements.Andtheintroductionofsimilarity-basedma- collaborationsetting.
paper1,13,26,chine learning models also presents ambiguity to the source of
paper1,13,27,errorbetweenincorrectprogramsynthesisstepsandresultmis- ACKNOWLEDGMENTS
paper1,13,28,classifications. The user might be confused when encountering
paper1,13,29,Wethankallourparticipantsandreviewers.Thisresearchwassup-
paper1,13,30,"unexpectedbehavior,asitcould be aproductofauserdemon-"
paper1,13,31,portedinpartbytheNationalSciencesandEngineeringResearch
paper1,13,32,"strationerrororthesystem’smisunderstandingofuserintents,"
paper1,13,33,CouncilofCanada(NSERC)underGrantIRCPJ545100-18.
paper1,13,34,"whichrequiresadifferentworkflowtorepair.However,inouruser"
paper1,13,35,"study,weemphasizerepairingerrorsfrommachinelearningmodel REFERENCES"
paper1,13,36,mislabellingasthatisthenovelpartofSemanticOn.
paper1,13,37,[1] 2022.BeautifulSoup. http://www.crummy.com/software/BeautifulSoup/Ac-
paper1,13,38,"cessed:April,2022."
paper1,13,39,"[2] 2022.iMacro. https://www.progress.com/imacrosAccessed:April,2022."
paper1,13,40,"[3] 2022.iMacroForum. https://forum.imacros.net/Accessed:April,2022."
paper1,13,41,"[4] 2022.Puppeteer. https://pptr.dev/Accessed:April,2022."
paper1,13,42,6.6 FutureWork
paper1,13,43,"[5] 2022.Scrapy. https://scrapy.org/Accessed:April,2022."
paper1,13,44,"Wesummarizedthreepointsoffeedbackthatarerelevantforfu- [6] 2022.Selenium. https://www.selenium.dev/Accessed:April,2022."
paper1,13,45,[7] 2022.StackOverflow. https://stackoverflow.com/search?q=%5Bselenium%5D+
paper1,13,46,"tureworks.First,wefoundthatparticipantsspentalongertime semanticAccessed:April,2022."
paper1,13,47,"encodingandprocessingtextsthanimages.Thisiscoherentwith [8] 2022.UiPath. https://www.uipath.com/Accessed:April,2022."
paper1,13,48,"[9] JamesAllen,NathanaelChambers,GeorgeFerguson,LucianGalescu,Hyuckchul"
paper1,13,49,previousstudiesonhumancapabilityinconsumingdifferenttypes
paper1,13,50,"Jung,MarySwift,andWilliamTaysom.2007.Plow:Acollaborativetasklearning"
paper1,13,51,"ofinformation[53].But,thisfindingissignificantinfullautoma- agent.InAAAI,Vol.7.1514–1519."
paper1,13,52,"tion,whenthesystemrapidlyloopsthroughwebpagecontent, [10] SaleemaAmershi,JamesFogarty,andDanielWeld.2012.Regroup:Interactive"
paper1,13,53,machinelearningforon-demandgroupcreationinsocialnetworks.InProceedings
paper1,13,54,givinguserslittletimetoidentifypotentialselectionerrors.Future
paper1,13,55,oftheSIGCHIconferenceonhumanfactorsincomputingsystems.21–30.
paper1,13,56,"workscouldenablemulti-modalinteraction(e.g.,voice)toreduce [11] Jacob Austin, Augustus Odena, Maxwell Nye, Maarten Bosma, Henryk"
paper1,13,57,"the effort of information processing [20]. Additionally, one can Michalewski,DavidDohan,EllenJiang,CarrieCai,MichaelTerry,QuocLe,"
paper1,13,58,etal.2021. Programsynthesiswithlargelanguagemodels. arXivpreprint
paper1,13,59,providemoreindicatorsforuserstoquicklyrecognizetheinforma- arXiv:2108.07732(2021).
paper1,13,60,tionrepresentedintextelements(e.g.highlightingmatchingkey [12] ABlackwell.2000.YourWishisMyCommand:GivingUsersthePowertoInstruct
paper1,13,61,"theirSoftware,chapterSWYN:avisualrepresentationforregularexpressions."
paper1,13,62,phrases)anddecidewhetherthecontentshouldbeincludedbased
paper1,13,63,"M.Kaufmann(2000),245–270."
paper1,13,64,onthesemanticcondition. [13] AlanFBlackwell.2001.SWYN:Avisualrepresentationforregularexpressions.
paper1,13,65,"Second,participantsseparatelyfavoredoneofthetwocondi- InYourwishismycommand.Elsevier,245–XIII."
paper1,13,66,"[14] CarrieJCai,EmilyReif,NarayanHegde,JasonHipp,BeenKim,DanielSmilkov,"
paper1,13,67,"tionspecificationmethods,UserEnters andSystemSuggests,de-"
paper1,13,68,"MartinWattenberg,FernandaViegas,GregSCorrado,MartinCStumpe,etal."
paper1,13,69,pendingonthecontenttypeandtheamountofinformationthey 2019.Human-centeredtoolsforcopingwithimperfectalgorithmsduringmedical
paper1,13,70,neededtoprocess.Similartotheneurosymbolicprogramsynthesis decision-making.InProceedingsofthe2019chiconferenceonhumanfactorsin
paper1,13,71,computingsystems.1–14.
paper1,13,72,"approach[16,65],futureworkscouldcreateaunifiedtechnique [15] SarahEChasins,MariaMueller,andRastislavBodik.2018. Rousillon:Scrap-"
paper1,13,73,whereuserscouldbenefitfromtheinstantandcomprehensivere- ingDistributedHierarchicalWebData.InProceedingsofthe31stAnnualACM
paper1,13,74,SymposiumonUserInterfaceSoftwareandTechnology.963–975.
paper1,13,75,sultsfrommachinelearningmodelswhilepreservingusers’power
paper1,13,76,"[16] QiaochuChen,AaronLamoreaux,XinyuWang,GregDurrett,OsbertBastani,"
paper1,13,77,tospecifyconditionsontheirownterms. andIsilDillig.2021. Webquestionansweringwithneurosymbolicprogram
paper1,14,1,"UIST’22,October29-November2,2022,Bend,OR,USA KevinPu,etal."
paper1,14,2,synthesis.InProceedingsofthe42ndACMSIGPLANInternationalConferenceon [40] VuLeandSumitGulwani.2014.Flashextract:Aframeworkfordataextractionby
paper1,14,3,ProgrammingLanguageDesignandImplementation.328–343. examples.InProceedingsofthe35thACMSIGPLANConferenceonProgramming
paper1,14,4,[17] YanChenandToviGrossman.2021.Umitation:RetargetingUIBehaviorExamples LanguageDesignandImplementation.542–553.
paper1,14,5,"forWebsiteDesign.InThe34thAnnualACMSymposiumonUserInterfaceSoftware [41] DavidLedo,StevenHouben,JoVermeulen,NicolaiMarquardt,LoraOehlberg,"
paper1,14,6,andTechnology.922–935. andSaulGreenberg.2018. EvaluationstrategiesforHCItoolkitresearch.In
paper1,14,7,"[18] YanChen,JaylinHerskovitz,WalterSLasecki,andSteveOney.2020.Bashon:A Proceedingsofthe2018CHIConferenceonHumanFactorsinComputingSystems."
paper1,14,8,HybridCrowd-MachineWorkflowforShellCommandSynthesis.In2020IEEE 1–17.
paper1,14,9,"SymposiumonVisualLanguagesandHuman-CentricComputing(VL/HCC).IEEE, [42] GillyLeshed,EbenMHaber,TaraMatthews,andTessaLau.2008.CoScripter:"
paper1,14,10,1–8. automating&sharinghow-toknowledgeintheenterprise.InProceedingsofthe
paper1,14,11,"[19] YanChen,SangWonLee,andSteveOney.2021.CoCapture:EffectivelyCommu- SIGCHIConferenceonHumanFactorsinComputingSystems.1719–1728."
paper1,14,12,"nicatingUIBehaviorsonExistingWebsitesbyDemonstratingandRemixing.In [43] IanLi,JeffreyNichols,TessaLau,ClemensDrews,andAllenCypher.2010.Here’s"
paper1,14,13,Proceedingsofthe2021CHIConferenceonHumanFactorsinComputingSystems. whatIdid:SharingandreusingwebactivitywithActionShot.InProceedingsof
paper1,14,14,"[20] YanChen,SangWonLee,YinXie,YiWeiYang,WalterSLasecki,andSteveOney. theSIGCHIConferenceonHumanFactorsinComputingSystems.723–732."
paper1,14,15,"2017.Codeon:On-demandsoftwaredevelopmentassistance.InProceedingsof [44] TobyJia-JunLi,AmosAzaria,andBradAMyers.2017. SUGILITE:creating"
paper1,14,16,the2017CHIConferenceonHumanFactorsinComputingSystems.6220–6231. multimodalsmartphoneautomationbydemonstration.InProceedingsofthe2017
paper1,14,17,"[21] YanChen,MaulishreePandey,JeanYSong,WalterSLasecki,andSteveOney.2020. CHIconferenceonhumanfactorsincomputingsystems.6038–6049."
paper1,14,18,"Improvingcrowd-supportedguitestingwithstructuralguidance.InProceedings [45] TobyJia-JunLi,IgorLabutov,XiaohanNancyLi,XiaoyiZhang,WenzeShi,"
paper1,14,19,"ofthe2020CHIConferenceonHumanFactorsinComputingSystems.1–13. WanlingDing,TomM.Mitchell,andBradA.Myers.2018. APPINITE:A"
paper1,14,20,"[22] JustinCranshaw,EmadElwany,ToddNewman,RafalKocielnik,BowenYu, Multi-ModalInterfaceforSpecifyingDataDescriptionsinProgrammingby"
paper1,14,21,"SandeepSoni,JaimeTeevan,andAndrésMonroy-Hernández.2017.Calendar.help. Demonstration Using Natural Language Instructions. In 2018 IEEE Sympo-"
paper1,14,22,InProceedingsofthe2017CHIConferenceonHumanFactorsinComputingSystems. siumonVisualLanguagesandHuman-CentricComputing(VL/HCC).105–114.
paper1,14,23,ACM. https://doi.org/10.1145/3025453.3025780 https://doi.org/10.1109/VLHCC.2018.8506506
paper1,14,24,"[23] BiplabDeka,ZifengHuang,ChadFranzen,JeffreyNichols,YangLi,andRanjitha [46] TobyJia-JunLi,MarissaRadensky,JustinJia,KirielleSingarajah,TomMMitchell,"
paper1,14,25,Kumar.2017.Zipt:Zero-integrationperformancetestingofmobileappdesigns. andBradAMyers.2019.Pumice:Amulti-modalagentthatlearnsconceptsand
paper1,14,26,InProceedingsofthe30thAnnualACMSymposiumonUserInterfaceSoftwareand conditionalsfromnaturallanguageanddemonstrations.InProceedingsofthe
paper1,14,27,Technology.727–736. 32ndannualACMsymposiumonuserinterfacesoftwareandtechnology.577–589.
paper1,14,28,"[24] RuiDong,ZhichengHuang,IanIongLam,YanChen,andXinyuWang.2022. [47] HenryLieberman.1994.Auserinterfaceforknowledgeacquisitionfromvideo."
paper1,14,29,"WebRobot:WebRoboticProcessAutomationusingInteractiveProgramming-by- InAAAI.Citeseer,527–534."
paper1,14,30,"Demonstration.arXivpreprintarXiv:2203.09993(2022). [48] JamesLin,JeffreyWong,JeffreyNichols,AllenCypher,andTessaALau.2009."
paper1,14,31,"[25] IanDrosos,TitusBarik,PhilipJGuo,RobertDeLine,andSumitGulwani.2020. End-userprogrammingofmashupswithvegemite.InProceedingsofthe14th"
paper1,14,32,Wrex:Aunifiedprogramming-by-exampleinteractionforsynthesizingreadable internationalconferenceonIntelligentuserinterfaces.97–106.
paper1,14,33,"codefordatascientists.InProceedingsofthe2020CHIconferenceonhumanfactors [49] GregLittle,TessaALau,AllenCypher,JamesLin,EbenMHaber,andEser"
paper1,14,34,"incomputingsystems.1–12. Kandogan.2007.Koala:capture,share,automate,personalizebusinessprocesses"
paper1,14,35,"[26] KasraFerdowsifard,AllenOrdookhanians,HilaPeleg,SorinLerner,andNadia ontheweb.InProceedingsoftheSIGCHIconferenceonHumanfactorsincomputing"
paper1,14,36,Polikarpova.2020.Small-stepliveprogrammingbyexample.InProceedingsofthe systems.943–946.
paper1,14,37,33rdAnnualACMSymposiumonUserInterfaceSoftwareandTechnology.614–626. [50] VivianLiuandLydiaChilton.2022.DesignGuidelinesforPromptEngineering
paper1,14,38,"[27] MichaelHFischer,GiovanniCampagna,EuirimChoi,andMonicaSLam.2021. Text-to-ImageGenerativeModels.InProceedingsofthe2022CHIConferenceon"
paper1,14,39,DIYassistant:amulti-modalend-userprogrammablevirtualassistant.InPro- HumanFactorsinComputingSystems.
paper1,14,40,"ceedingsofthe42ndACMSIGPLANInternationalConferenceonProgramming [51] DavidLMaulsby,IanHWitten,andKennethAKittlitz.1989. Metamouse:"
paper1,14,41,LanguageDesignandImplementation.312–327. Specifyinggraphicalproceduresbyexample.ACMSIGGRAPHComputerGraphics
paper1,14,42,"[28] JamesFogarty,DesneyTan,AshishKapoor,andSimonWinder.2008.CueFlik: 23,3(1989),127–136."
paper1,14,43,"interactiveconceptlearninginimagesearch.InProceedingsofthesigchiconference [52] MikaëlMayer,GustavoSoares,MaximGrechkin,VuLe,MarkMarron,Oleksandr"
paper1,14,44,"onhumanfactorsincomputingsystems.29–38. Polozov,RishabhSingh,BenjaminZorn,andSumitGulwani.2015.Userinterac-"
paper1,14,45,"[29] PhilipJGuo,SeanKandel,JosephMHellerstein,andJeffreyHeer.2011.Proactive tionmodelsfordisambiguationinprogrammingbyexample.InProceedingsofthe"
paper1,14,46,wrangling:Mixed-initiativeend-userprogrammingofdatatransformationscripts. 28thAnnualACMSymposiumonUserInterfaceSoftware&Technology.291–301.
paper1,14,47,InProceedingsofthe24thannualACMsymposiumonUserinterfacesoftwareand [53] RichardMayerandJoanGallini.1990. WhenIsanIllustrationWorthTen
paper1,14,48,"technology.65–74. ThousandWords? JournalofEducationalPsychology82(121990),715–726."
paper1,14,49,[30] WilliamRHarrisandSumitGulwani.2011.Spreadsheettabletransformations https://doi.org/10.1037/0022-0663.82.4.715
paper1,14,50,"fromexamples.ACMSIGPLANNotices46,6(2011),317–328. [54] DanHMoandIanHWitten.1992.Learningtexteditingtasksfromexamples:a"
paper1,14,51,"[31] BjörnHartmann,LeslieWu,KevinCollins,andScottRKlemmer.2007.Program- proceduralapproach.Behaviour&InformationTechnology11,1(1992),32–45."
paper1,14,52,mingbyasample:rapidlycreatingwebapplicationswithd.mix.InProceedings [55] FrancesmaryModugnoandBradAMyers.1994.Pursuit:Visualprogrammingin
paper1,14,53,ofthe20thannualACMsymposiumonUserinterfacesoftwareandtechnology. avisualdomain.TechnicalReport.CARNEGIE-MELLONUNIVPITTSBURGH
paper1,14,54,241–250. PADEPTOFCOMPUTERSCIENCE.
paper1,14,55,"[32] XiaoweiHu,XiYin,KevinLin,LijuanWang,LeiZhang,JianfengGao,and [56] MosesandJohnOlafenwa.2018–.ImageAI,anopensourcepythonlibrarybuilt"
paper1,14,56,ZichengLiu.2020. VIVO:VisualVocabularyPre-TrainingforNovelObject toempowerdeveloperstobuildapplicationsandsystemswithself-contained
paper1,14,57,Captioning.arXivpreprintarXiv:2009.13682(2020). ComputerVisioncapabilities. https://github.com/OlafenwaMoses/ImageAI
paper1,14,58,"[33] EllenJiang,EdwinToh,AlejandraMolina,AaronDonsbach,CarrieJCai,and [57] BradAMyers,DarioAGiuse,RogerBDannenberg,BradVanderZanden,DavidS"
paper1,14,59,"MichaelTerry.2021.Genlineandgenform:Twotoolsforinteractingwithgen- Kosbie,EdwardPervin,AndrewMickish,andPhilippeMarchal.1995.GARNET"
paper1,14,60,"erativelanguagemodelsinacodeeditor.InTheAdjunctPublicationofthe34th comprehensivesupportforgraphical,highlyinteractiveuserinterfaces. In"
paper1,14,61,"AnnualACMSymposiumonUserInterfaceSoftwareandTechnology.145–147. ReadingsinHuman–ComputerInteraction.Elsevier,357–371."
paper1,14,62,"[34] SeanKandel,AndreasPaepcke,JosephHellerstein,andJeffreyHeer.2011.Wran- [58] AadityaNaik,JonathanMendelson,NathanielSands,YuepengWang,Mayur"
paper1,14,63,"gler:Interactivevisualspecificationofdatatransformationscripts.InProceedings Naik,andMukundRaghothaman.2021.Sporq:AnInteractiveEnvironmentfor"
paper1,14,64,ofthesigchiconferenceonhumanfactorsincomputingsystems.3363–3372. ExploringCodeusingQuery-by-Example.InThe34thAnnualACMSymposium
paper1,14,65,[35] RebeccaKrosnickandSteveOney.2021.UnderstandingtheChallengesandNeeds onUserInterfaceSoftwareandTechnology.84–99.
paper1,14,66,ofProgrammersWritingWebAutomationScripts.In2021IEEESymposiumon [59] JulieLNewcombandRastislavBodik.2019.Usinghuman-in-the-loopsynthesis
paper1,14,67,"VisualLanguagesandHuman-CentricComputing(VL/HCC).IEEE,1–9. toauthorfunctionalreactiveprograms.arXivpreprintarXiv:1909.11206(2019)."
paper1,14,68,"[36] DavidKurlander,AllenCypher,andDanielConradHalbert.1993.WatchwhatI [60] WodeNi,JoshuaSunshine,VuLe,SumitGulwani,andTitusBarik.2021.reCode:"
paper1,14,69,do:programmingbydemonstration.MITpress. ALightweightFind-and-ReplaceInteractionintheIDEforTransformingCode
paper1,14,70,[37] DavidKurlanderandStevenFeiner.1992. Ahistory-basedmacrobyexample byExample.InThe34thAnnualACMSymposiumonUserInterfaceSoftwareand
paper1,14,71,system.InProceedingsofthe5thannualACMsymposiumonUserinterfacesoftware Technology.258–269.
paper1,14,72,andtechnology.99–106. [61] JeffreyNicholsandTessaLau.2008.Mobilizationbydemonstration:usingtraces
paper1,14,73,"[38] TessaLau,StevenAWolfman,PedroDomingos,andDanielSWeld.2003.Pro- tore-authorexistingwebsites.InProceedingsofthe13thinternationalconference"
paper1,14,74,"grammingbydemonstrationusingversionspacealgebra.MachineLearning53, onIntelligentuserinterfaces.149–158."
paper1,14,75,"1(2003),111–156. [62] DonNorman.2013.Thedesignofeverydaythings:Revisedandexpandededition."
paper1,14,76,"[39] TessaALau,PedroMDomingos,andDanielSWeld.2000.VersionSpaceAlgebra Basicbooks."
paper1,14,77,"anditsApplicationtoProgrammingbyDemonstration..InICML.Citeseer,527– [63] BesmiraNushi,EceKamar,EricHorvitz,andDonaldKossmann.2017.Onhuman"
paper1,14,78,534. intellectandmachinefailures:Troubleshootingintegrativemachinelearning
paper1,14,79,systems.InThirty-FirstAAAIConferenceonArtificialIntelligence.
paper1,15,1,"SemanticOn:SpecifyingContent-BasedSemanticConditionsforWebAutomationPrograms UIST’22,October29-November2,2022,Bend,OR,USA"
paper1,15,2,"[64] PeterO’Donovan,AseemAgarwala,andAaronHertzmann.2015.Designscape: 2021CHIConferenceonHumanFactorsinComputingSystems.1–15."
paper1,15,3,"Designwithinteractivelayoutsuggestions.InProceedingsofthe33rdannual [74] PengWang,AnYang,RuiMen,JunyangLin,ShuaiBai,ZhikangLi,JianxinMa,"
paper1,15,4,"ACMconferenceonhumanfactorsincomputingsystems.1221–1224. ChangZhou,JingrenZhou,andHongxiaYang.2022. UnifyingArchitectures,"
paper1,15,5,"[65] EmilioParisotto,Abdel-rahmanMohamed,RishabhSingh,LihongLi,Dengyong Tasks,andModalitiesThroughaSimpleSequence-to-SequenceLearningFrame-"
paper1,15,6,"Zhou,andPushmeetKohli.2016. Neuro-symbolicprogramsynthesis. arXiv work.CoRRabs/2202.03052(2022).arXiv:2202.03052 https://arxiv.org/abs/2202."
paper1,15,7,preprintarXiv:1611.01855(2016). 03052
paper1,15,8,[66] HilaPelegandNadiaPolikarpova.2020.Perfectistheenemyofgood:Best-effort [75] AndrewJWerthandBradAMyers.1993.Tourmaline(abstract)macrostylesby
paper1,15,9,programsynthesis.Leibnizinternationalproceedingsininformatics166(2020). example.InProceedingsoftheINTERACT’93andCHI’93ConferenceonHuman
paper1,15,10,[67] NilsReimersandIrynaGurevych.2019.Sentence-bert:Sentenceembeddings FactorsinComputingSystems.532.
paper1,15,11,"usingsiamesebert-networks.arXivpreprintarXiv:1908.10084(2019). [76] TomYeh,Tsung-HsiangChang,andRobertCMiller.2009. Sikuli:usingGUI"
paper1,15,12,"[68] AlborzRezazadehSereshkeh,GaryLeung,KrishPerumal,CalebPhillips,Min- screenshotsforsearchandautomation.InProceedingsofthe22ndannualACM"
paper1,15,13,"fanZhang,AfsanehFazly,andIqbalMohomed.2020. VASTA:avisionand symposiumonUserinterfacesoftwareandtechnology.183–192."
paper1,15,14,"language-assistedsmartphonetaskautomationsystem.InProceedingsofthe25th [77] TianyiZhang,ZhiyangChen,YuanliZhu,PriyanVaithilingam,XinyuWang,and"
paper1,15,15,internationalconferenceonintelligentuserinterfaces.22–32. ElenaL.Glassman.2021.InterpretableProgramSynthesis.InProceedingsofthe
paper1,15,16,"[69] AtsushiSugiuraandYoshiyukiKoseki.1998. Internetscrapbook:automating 2021CHIConferenceonHumanFactorsinComputingSystems(Yokohama,Japan)"
paper1,15,17,"webbrowsingtasksbydemonstration.InProceedingsofthe11thannualACM (CHI’21).AssociationforComputingMachinery,NewYork,NY,USA,Article"
paper1,15,18,"symposiumonUserinterfacesoftwareandtechnology.9–18. 105,16pages. https://doi.org/10.1145/3411764.3445646"
paper1,15,19,"[70] AmandaSwearngin,ChenglongWang,AlannahOleson,JamesFogarty,and [78] TianyiZhang,LondonLowmanstone,XinyuWang,andElenaLGlassman.2020."
paper1,15,20,AmyJKo.2020. Scout:RapidExplorationofInterfaceLayoutAlternatives InteractiveProgramSynthesisbyAugmentedExamples.InProceedingsofthe
paper1,15,21,throughHigh-LevelDesignConstraints.InProceedingsofthe2020CHIConference 33rdAnnualACMSymposiumonUserInterfaceSoftwareandTechnology.627–648.
paper1,15,22,"onHumanFactorsinComputingSystems.1–13. [79] ZhengZhang,ZhengXu,YanhaoWang,BingshengYao,DanielRitchie,Tong-"
paper1,15,23,"[71] PriyanVaithilingamandPhilipJGuo.2019.Bespoke:Interactivelysynthesizing shuangWu,MoYu,DakuoWang,andTobyJia-JunLi.2022. StoryBuddy:A"
paper1,15,24,customGUIsfromcommand-lineapplicationsbydemonstration.InProceedings Human-AICollaborativeAgentforParent-ChildInteractiveStorytellingwith
paper1,15,25,ofthe32ndannualACMsymposiumonuserinterfacesoftwareandtechnology. FlexibleParentInvolvement.InProceedingsofthe2022CHIConferenceonHuman
paper1,15,26,563–576. FactorsinComputingSystems.
paper1,15,27,"[72] ChenglongWang,AlvinCheung,andRastislavBodik.2017.Interactivequerysyn- [80] NanxuanZhao,NamWookKim,LauraMariahHerman,HanspeterPfister,Ryn-"
paper1,15,28,"thesisfrominput-outputexamples.InProceedingsofthe2017ACMInternational sonWHLau,JoseEchevarria,andZoyaBylinskii.2020. Iconate:Automatic"
paper1,15,29,ConferenceonManagementofData.1631–1634. compoundicongenerationandideation.InProceedingsofthe2020CHIConfer-
paper1,15,30,"[73] ChenglongWang,YuFeng,RastislavBodik,IsilDillig,AlvinCheung,andAmyJ enceonHumanFactorsinComputingSystems.1–13."
paper1,15,31,Ko.2021.Falx:Synthesis-poweredvisualizationauthoring.InProceedingsofthe
paper1,16,1,"UIST’22,October29-November2,2022,Bend,OR,USA KevinPu,etal."
paper1,16,2,A APPENDIX
paper1,16,3,# Task Description Condition Inclusion Example Exclusion Example
paper1,16,4,Type
paper1,16,5,1 Download pictures with a Image
paper1,16,6,dogandacatinteracting only
paper1,16,7,"Dogandcatinteracting Catonly,nointeractions"
paper1,16,8,2 Scrape book descriptions Textonly
paper1,16,9,thathighlightafemalepro-
paper1,16,10,tagonist’sstory
paper1,16,11,Heroineperspective Nofemaleperspective
paper1,16,12,3 Download photos if it con- Image
paper1,16,13,tainsmultiplepeopleinter- only
paper1,16,14,acting
paper1,16,15,Twopeopleinteracting Nointeractions
paper1,16,16,4 Scrape movie star biogra- Textonly
paper1,16,17,phies that writes about
paper1,16,18,theiracting
paper1,16,19,Biographyincludesacting Noactinginbiography
paper1,16,20,5 Scrape the description and Text and
paper1,16,21,download the image if: 1) image
paper1,16,22,Text mentions outdoor ac-
paper1,16,23,tivities and 2) Image con-
paper1,16,24,tainsmountainandwater
paper1,16,25,Image has mountain and
paper1,16,26,wateranddescriptionmen-
paper1,16,27,tionsoutdooractivities No outdoor activity de-
paper1,16,28,"scription,nomountains"
paper1,16,29,Figure8:Taskdescriptionswithinclusionandexclusionexamples
paper2,1,1,Haptic Source-effector: Full-body Haptics via Non-invasive Brain
paper2,1,2,Stimulation
paper2,1,3,Yudai Tanaka Jacob Serfaty Pedro Lopes
paper2,1,4,"University of Chicago, United States University of Chicago, United States University of Chicago, United States"
paper2,1,5,yudaitanaka@uchicago.edu jserfaty@uchicago.edu pedrolopes@uchicago.edu
paper2,1,6,Figure 1: We propose & explore a novel concept in which a single on-body actuator renders haptics to multiple body parts—even
paper2,1,7,as distant as one’s foot or one’s hand—by stimulating the user’s brain (a). We implemented this by mechanically moving a coil
paper2,1,8,across the user’s scalp. As the coil sits on specific regions of the user’s sensorimotor cortex it uses electromagnetic pulses to
paper2,1,9,"non-invasively & safely create haptic sensations, e.g., touch and/or forces. For instance, (b) recoil of throwing a projectile, (c)"
paper2,1,10,"impact on the leg, (d) force of stomping on a box, (e), impact of a projectile on one’s hand, or (f) an explosion close to the jaw."
paper2,1,11,ABSTRACT first implementation of full-body haptics based on non-invasive
paper2,1,12,"We propose a novel concept for haptics in which one centralized brain stimulation, we discuss the roadmap to extend its interactive"
paper2,1,13,on-body actuator renders haptic effects on multiple body parts by opportunities.
paper2,1,14,"stimulating the brain, i.e., the source of the nervous system—we call"
paper2,1,15,CCS CONCEPTS
paper2,1,16,"this a haptic source-effector, as opposed to the traditional wearables’"
paper2,1,17,approach of attaching one actuator per body part (end-effectors). • Human-centered computing → Haptic devices; • Hardware
paper2,1,18,We implement our concept via transcranial-magnetic-stimulation → Emerging interfaces.
paper2,1,19,(TMS)—a non-invasive technique from neuroscience/medicine in
paper2,1,20,which electromagnetic pulses safely stimulate brain areas. Our KEYWORDS
paper2,1,21,"approach renders ∼15 touch/force-feedback sensations throughout Transcranial Magnetic Stimulation, Electrical Muscle Stimulation,"
paper2,1,22,"the body (e.g., hands, arms, legs, feet, and jaw—which we found Haptics"
paper2,1,23,"in our first user study), all by stimulating the user’s sensorimo-"
paper2,1,24,ACM Reference Format:
paper2,1,25,tor cortex with a single magnetic coil moved mechanically across
paper2,1,26,"Yudai Tanaka, Jacob Serfaty, and Pedro Lopes. 2024. Haptic Source-effector:"
paper2,1,27,"the scalp. In our second user study, we probed into participants’"
paper2,1,28,Full-body Haptics via Non-invasive Brain Stimulation. In Proceedings of
paper2,1,29,"experiences while using our haptic display in VR. Finally, as the"
paper2,1,30,"the CHI Conference on Human Factors in Computing Systems (CHI ’24), May"
paper2,1,31,"11–16, 2024, Honolulu, HI, USA. ACM, New York, NY, USA, 15 pages. https:"
paper2,1,32,//doi.org/10.1145/3613904.3642483
paper2,1,33,This work is licensed under a Creative Commons Attribution International 4.0 License. 1 INTRODUCTION
paper2,1,34,"CHI ’24, May 11–16, 2024, Honolulu, HI, USA Enabling users to leverage all their senses while immersed in inter-"
paper2,1,35,© 2024 Copyright held by the owner/author(s).
paper2,1,36,active experiences has been one of the driving visions in Human-
paper2,1,37,ACM ISBN 979-8-4007-0330-0/24/05
paper2,1,38,https://doi.org/10.1145/3613904.3642483 Computer Interaction—as Sutherland put it “[the interface] should
paper2,2,1,"CHI ’24, May 11–16, 2024, Honolulu, HI, USA Yudai Tanaka et al."
paper2,2,2,"serve as many senses as possible” [80]. To this date, an immense detail later as we believe they are crucial for identifying the next"
paper2,2,3,"body of work in haptics has engineered specialized actuators to research challenges to be tackled. However, we believe that our"
paper2,2,4,"deliver skin sensations to the user’s body (e.g., contact [75], texture work provides technical insights that will inspire researchers to"
paper2,2,5,"[10, 96], pressure [37]). explore new approaches for haptics."
paper2,2,6,The overwhelming majority of haptic devices are engineered
paper2,2,7,"using the same principle, i.e., an actuator is mounted atop the 2 RELATED WORK"
paper2,2,8,"part of the skin that is meant to be stimulated, e.g., finger-worn"
paper2,2,9,Our work is built primarily on approaches towards full-body haptic
paper2,2,10,"haptic devices deliver tactile cues to the fingerpad [37, 55, 75],"
paper2,2,11,"feedback, which we organize by their conceptual takes on delivering"
paper2,2,12,"foot-worn devices deliver tactile cues to the soles [79, 93], head-"
paper2,2,13,"haptic sensations: to the endpoint (e.g., attaching a haptic end-"
paper2,2,14,"worn devices deliver tactile cues to the face [15, 65], and so forth—"
paper2,2,15,"effector to the palm, or even sending an air) or to a midpoint (e.g.,"
paper2,2,16,"this approach can also be referred to as haptic end-effector [42],"
paper2,2,17,electrically stimulating nerves in the arm to create touch on the
paper2,2,18,"a term borrowed from robotics literature, where it denotes how"
paper2,2,19,palm). We discuss the differences between these approaches and
paper2,2,20,the actuator is attached at the very endpoint of a robotic extremity.
paper2,2,21,"our source-effector. Finally, since our approach is one of the very"
paper2,2,22,"Similarly, in this context, a haptic end-effector denotes how the"
paper2,2,23,few that makes use of transcranial magnetic stimulation (TMS)
paper2,2,24,actuator is attached at the very endpoint of the user’s nervous
paper2,2,25,"in an interactive context, we briefly review the working principle"
paper2,2,26,"system, e.g., a vibration motor attached atop the tactile receptors"
paper2,2,27,behind this non-invasive brain stimulation technique.
paper2,2,28,at one’s fingertips [31]. Users feel haptic sensations delivered by
paper2,2,29,end-effectors via the following process: (1) mechanical stimuli
paper2,2,30,2.1 Full-body Haptic Feedback by Stimulating
paper2,2,31,are translated to electrical impulses (by mechanoreceptors at the
paper2,2,32,the Endpoint
paper2,2,33,"endpoint), (2) electrical signals propagate via the peripheral nervous"
paper2,2,34,"system (via neurons from limbs to the spinal cord), and, finally, (3) N:N haptics (N actuators, N locations): The most popular way"
paper2,2,35,signals are processed in the source location where all the neurons to realize full-body haptics has been to attach an actuator per lo-
paper2,2,36,"flow (i.e., the brain, in particular, the somatosensory cortex). cation where a sensation should be felt—hence N:N haptics. Some"
paper2,2,37,"This end-effector approach has been successful in that devices of the first explorations of this approach date back to the 1990s,"
paper2,2,38,"can deliver precise temporal and spatial cues. However, few ex- when researchers used 10 vibrotactile actuators placed at the hands,"
paper2,2,39,"amples of these devices lend themselves well to full-body haptic feet, legs, and head [97]. Later, Lindeman et al. took this further"
paper2,2,40,"experiences, which reveals a research question to which our field with 16 vibrators, even including solenoids and fans [47]. Because"
paper2,2,41,has not found new answers: how might we scale up haptic devices attaching/removing individual actuators on many parts of one’s
paper2,2,42,given that the current approach requires many devices to render body is extremely time-consuming for the user and requires many
paper2,2,43,"sensations on many locations of the user’s body? fixation points that encumber the user (e.g., straps), researchers"
paper2,2,44,"Thus, to propose a new approach, we take the inverse conceptual opt to integrate these vibrotactile actuators in haptic suits—both"
paper2,2,45,"turn. Instead of placing haptic end-effectors on the endpoints of the [97] and [47] are canonical examples of haptic suits, while many"
paper2,2,46,"user’s nervous system, we propose delivering full-body haptics via more exist in research [19, 40] and even in industry (e.g., bHaptics"
paper2,2,47,a single haptic device that directly stimulates the user’s brain areas [60]). This haptic-suit approach improves wearability & comfort
paper2,2,48,"responsible for creating haptic sensations—we call this a source- by trading it off with design flexibility (e.g., it is harder to reconfig-"
paper2,2,49,"effector. ure the location of the devices depending on body size, individual"
paper2,2,50,"To create the first instantiation of this concept, we turned to tran- preferences, goals of the application, and so forth)."
paper2,2,51,"scranial magnetic stimulation (TMS)—a technique from medicine 1:N haptics (1 actuator, N locations): Counter to the previ-"
paper2,2,52,"that allows for safe & non-invasive brain stimulation. To trans- ous approach, an emergent and more experimental way to deliver"
paper2,2,53,"late the TMS technique into readily usable knowledge for human- haptics to the endpoint, is to use a single actuator. In these sys-"
paper2,2,54,"computer interaction, we (1) characterized, by means of a user study, tems, there is only one actuator but the user feels sensations in"
paper2,2,55,"which areas of the body TMS can elicit haptic sensations; then, (2) multiple locations—hence 1:N haptics. One way to enable this is"
paper2,2,56,"engineered a haptic device that sits atop the user’s head and is able to utilize the air around the user: as demonstrated by AIREAL, an"
paper2,2,57,to position the TMS coil at strategic locations to generate haptic air vortex that stimulates the skin up to 1 m away [77]. This ap-
paper2,2,58,"sensations (i.e., either touch or touch & force) in nine locations of proach has been then extended to present tactile sensations at the"
paper2,2,59,"the users’ body: hands, arms, legs, feet, and jaw, as shown in Figure head, shoulders, and legs [29, 81]. Another approach is to attach"
paper2,2,60,1—all by stimulating the user’s sensorimotor cortex with a single a single haptic actuator to an endpoint but then move it mechan-
paper2,2,61,"magnetic-coil moved mechanically across the scalp; furthermore, ically to reach different limbs. For instance, Calico is an on-cloth"
paper2,2,62,"(3) we characterized, by means of a second user study, the user robotic platform that moves a small end-effector across the user’s"
paper2,2,63,"experience created by our device in a virtual reality application; clothes, providing vibrations from arms to legs [73]. As emergent"
paper2,2,64,"finally, (4) we mapped out the possible evolution of this concept, techniques, these are not without limitations. In the case of air"
paper2,2,65,"including its hardware challenges. vortexes, these require line of sight, intensity decays over distance,"
paper2,2,66,"Finally, we see this approach as the first step towards explor- and have a limited interactive volume, etc. Conversely, moving"
paper2,2,67,ing new methods to scale haptic feedback to multiple body areas wearables on the body is relatively slow and can require rails added
paper2,2,68,"without encumbering users’ bodies. Naturally, as a first step in this to one’s clothing, etc. Most importantly, all of these techniques"
paper2,2,69,"direction, our current implementation using transcranial magnetic cannot deliver force feedback—these provide only tactile cues (e.g.,"
paper2,2,70,"stimulation is not without shortcomings. We will discuss these in soft puffs of air or vibrations). That said, these devices conceptually"
paper2,3,1,"Haptic Source-effector: Full-body Haptics via Non-invasive Brain Stimulation CHI ’24, May 11–16, 2024, Honolulu, HI, USA"
paper2,3,2,"align with our goal, i.e., building a centralized haptic device capable which trade off accuracy for safety and wide applicability. One"
paper2,3,3,"of delivering haptics to multiple locations. In addition, these are such non-invasive technique that has been extensively explored for"
paper2,3,4,"flexible in adding new points of sensation easily (i.e., pointing the the last decades is transcranial magnetic stimulation (TMS) [30]."
paper2,3,5,"air cannon or moving the on-body robot). Thus, we are inspired by Before we turn into the details of this technique, we note that TMS"
paper2,3,6,"these centralized devices, yet seek to explore a novel approach that is not the only non-invasive brain stimulation approach; others"
paper2,3,7,breaks away from having to stimulate the endpoint. include transcranial direct-current stimulation [62] or transcranial
paper2,3,8,"focused ultrasound stimulation (tFUS) [44]. With regards to tDCS,"
paper2,3,9,it is a neuromodulation technique that uses small electrical currents
paper2,3,10,2.2 Haptic Feedback by Stimulating the
paper2,3,11,"delivered via electrodes on the scalp; as a modulation technique, it"
paper2,3,12,Midpoint (Peripheral Nerves)
paper2,3,13,typically does not have the accuracy nor amplitude to induce haptic
paper2,3,14,"An approach, which we draw inspiration from, is to create sensa- sensations and is used for neuropsychiatric conditions [61]. On"
paper2,3,15,"tions in a target area, but using actuators attached to another patch the other hand, tFUS is a nascent stimulation technique that uses"
paper2,3,16,"of skin that communicate via peripheral nerves. These techniques focused ultrasound, delivered by a transducer placed atop the scalp"
paper2,3,17,typically work by electrically stimulating nerves to induce sensa- [12]. While tFUS might eventually resolve some limitations of TMS
paper2,3,18,"tions ”remotely” at the endpoint of this nerve. This can take the (which we will discuss later in detail, e.g., device weight), its safety"
paper2,3,19,"form of touch-feedback (electro-tactile) or force-feedback stimula- protocols and guidelines are still under development, unlike those"
paper2,3,20,"tion (electrical muscle stimulation). of TMS, which have been established for decades [71]. Therefore,"
paper2,3,21,Tactile sensations from the midpoint. One way to create we decided to implement our concept using TMS.
paper2,3,22,tactile sensations without attaching a haptic end-effector to the
paper2,3,23,endpoint is to stimulate the nerve that leads to it—this is known
paper2,3,24,2.3 Transcranial Magnetic Stimulation
paper2,3,25,"as inducing a referred sensation, i.e., “somatosensory feelings that"
paper2,3,26,"are perceived to emanate from a body part other than, but in as- Transcranial Magnetic Stimulation (TMS). TMS is a technique"
paper2,3,27,"sociation with, the body part being stimulated” [53]. While this that originated in medicine/neuroscience [27], in which a magnetic"
paper2,3,28,was initially only explored in prosthetics to provide tactile feed- coil placed atop the user’s head produces a magnetic field that os-
paper2,3,29,"back to the prosthetic hands or feet of amputees [14, 48, 64], it cillates rapidly. This, in turn, creates electrical currents, known"
paper2,3,30,"has also been adapted to enable users to feel tactile sensations in as eddy currents, inside the brain [30], without the need for im-"
paper2,3,31,their hands or fingerpads without attaching electrodes directly to planted cables or electrodes [24] (as with other brain stimulation
paper2,3,32,"these areas; instead, electrodes are placed on the wrist to create techniques)—it is thus, non-invasive."
paper2,3,33,"sensations in the hand [63, 66], or other strategic locations more TMS in neuroscience as a tool to understand brain function."
paper2,3,34,proximal to the peripheral nerves such as the back-side of the hand TMS has been popularized as a tool for neuroscience since first
paper2,3,35,"[86], palm, [1] or base of the fingers [99, 100] to induce sensations demonstrated by Barker et al. in 1985 [5]. It is frequently used"
paper2,3,36,"in the fingerpads. to map brain functions to cortical areas, e.g., motor control [95],"
paper2,3,37,"Force feedback from the midpoint. Similar to this, with vision [9], language processing [23], working memory [57], and"
paper2,3,38,"electrical muscle stimulation (EMS), it is possible to create force more."
paper2,3,39,"feedback without requiring mechanical actuators (e.g., motors or TMS as a medical intervention/treatment. TMS has also"
paper2,3,40,exoskeletons). Electrical impulses are sent to electrodes placed atop been extensively used as therapy for improving motor function in
paper2,3,41,"a muscle (midpoint), which in turn cause a movement on the limb Parkinson’s patients [43], reducing epileptic seizures [26], and as a"
paper2,3,42,"(endpoint). For example, stimulating the forearm can cause the depression treatment [28]."
paper2,3,43,"fingers [83, 84] or the wrist to move [36, 49]. Similarly, stimulating Peripheral magnetic stimulation (e.g., muscles or touch)."
paper2,3,44,"the neck can move the head [85], or even stimulating the calf [32] While magnetic stimulation finds its primary use in stimulating the"
paper2,3,45,"or thigh [68] can move the foot. brain, it can also be used for peripheral nerves, placing its coil atop"
paper2,3,46,Pushing past the midpoint. While we take inspiration from muscles (similar to EMS) or skin (similar to electro-tactile). While
paper2,3,47,"these techniques, we ask the natural question: how would an inter- the latter (tactile) is rather rare, it has been used for creating tactile"
paper2,3,48,"active system look like if we moved past the midpoint? The logical sensations in mid-air without the need for direct contact [38, 39]."
paper2,3,49,"consequence of this is to actuate the source of the nervous system, The former (magnetic muscle stimulation), has been used for muscle"
paper2,3,50,"i.e., the user’s brain, to generate sensations even at larger distances rehabilitation [8], gaiting [82], and even swallowing [56]. Moreover,"
paper2,3,51,"and from a centralized haptic device. To find a suitable method to recently, it has also been used for interactive force-feedback [87]."
paper2,3,52,"stimulate the brain, we turn to the field of neuroscience where a It is worth noting that, unlike TMS, these magnetic skin/muscle"
paper2,3,53,number of brain stimulation techniques are used in research & ther- actuation systems create sensations by stimulating the periphery—
paper2,3,54,"apeutics. There are several established techniques to achieve this, these are still midpoint approaches."
paper2,3,55,"however, they range in their applicability outside of the medical TMS in interactive systems. Although it is known that TMS"
paper2,3,56,"domain. First, invasive techniques involve implanting electrodes in applied to the motor cortex induces limb movement [95] and/or"
paper2,3,57,"the brain, via a surgical procedure. Given this stringent requirement touch sensations in the hand [25], its presence in human-computer"
paper2,3,58,"of implantation, this technique (known as intracortical microstim- interaction remains limited. Recently, Bassolino et al. demonstrated"
paper2,3,59,"ulation [11]) is typically used for extreme medical cases, such as that TMS to the motor cortex improves the sense of embodiment"
paper2,3,60,researching prosthetics with tactile feedback for amputees [24]. in a VR rubber hand illusion [6]. While this implies the utility of
paper2,3,61,"On the other side of the spectrum stand non-invasive techniques, haptic feedback via TMS, to our knowledge, there have been no"
paper2,4,1,"CHI ’24, May 11–16, 2024, Honolulu, HI, USA Yudai Tanaka et al."
paper2,4,2,Figure 2: Overview of our mechanical actuator to interactively displace the TMS coil over key areas of the user’s brain.
paper2,4,3,interactive devices that leverage TMS to extend haptics to the user’s Robotic platform. The key component in our hardware imple-
paper2,4,4,full body. mentation is a robotic gantry that mechanically moves the TMS
paper2,4,5,coil across key areas of the user’s scalp. Our design is inspired by
paper2,4,6,3 IMPLEMENTING SOURCE-EFFECTOR VIA a traditional X-Y-Z gantry system commonly found in CNC ma-
paper2,4,7,"TMS chines [51], but with key modifications that allow it to: (1) most"
paper2,4,8,"importantly, conform to the curvature of the scalp around the pitch"
paper2,4,9,"To help readers replicate our design, we now provide the necessary"
paper2,4,10,"axis (i.e., front/back), which is estimated to be ∼18 degrees for"
paper2,4,11,"technical details (hardware & software), alongside a discussion of"
paper2,4,12,"the sensorimotor cortex area, based on our measurement from a"
paper2,4,13,important safety considerations for any future interactive system
paper2,4,14,"standard head shape dataset [46]; (2) accommodate different heads,"
paper2,4,15,"based on TMS. Furthermore, to accelerate replication, we provide"
paper2,4,16,including different curvatures and sizes; (3) actuate with sufficient
paper2,4,17,all the source code & hardware of our implementation1
paper2,4,18,force to move a medical-grade TMS coil (∼1 kg); (4) actuate with
paper2,4,19,Design rationale. As the first instantiation of the concept of a
paper2,4,20,"steps smaller than 8.5 mm, as determined by our Study#1; and, fi-"
paper2,4,21,"head-worn centralized haptic device, we focused on understanding"
paper2,4,22,"nally, (5) provide a structure that can be either directly mounted to a"
paper2,4,23,the range of sensations & locations that can be created using TMS
paper2,4,24,"VR headset or suspended from the ceiling (as in [52, 78]). To satisfy"
paper2,4,25,"rather than optimizing for form-factor or ergonomics. As such, we"
paper2,4,26,these requirements we engineered the actuation system shown in
paper2,4,27,opted to implement a versatile design that could move a powerful
paper2,4,28,Figure 2.
paper2,4,29,medical-grade TMS coil. This gave us maximum flexibility in our
paper2,4,30,"Actuators. We feature three actuators, respectively, to move the"
paper2,4,31,"findings, as the coil has excellent stimulation depth; in other words,"
paper2,4,32,"coil in the X-(ear-to-ear translation), Y-(nose-to-back translation),"
paper2,4,33,"using smaller coils would result in a smaller device, but would not"
paper2,4,34,and Z-(height away from the scalp) axes. Since the X-axis exhibits
paper2,4,35,allow us to learn the full range of haptics that TMS can unleash.
paper2,4,36,"most curvature as the coil moves towards the ear, we actuate it"
paper2,4,37,Now that we know the range of haptics that can be generated via
paper2,4,38,via a servo motor (Feetech FT5335M; maximum torque=392N·cm)
paper2,4,39,"TMS (Study#1) and the afforded user experiences (Study#2), we"
paper2,4,40,"with a built-in encoder, this offers a reliable, fairly compact, strong"
paper2,4,41,are poised to also explore new design trade-offs. These include the
paper2,4,42,way to actuate the coil—as the coil moves closer to the ear it exerts
paper2,4,43,potential use of multiple smaller coils rather than moving a single
paper2,4,44,more torque force to the servo lever. As we found in our tech-
paper2,4,45,"powerful coil, which we will discuss later."
paper2,4,46,"nical evaluation, we can move the servo reliably & repeatably at"
paper2,4,47,4.2 mm steps. For the Z-axis (height away from the scalp) we em-
paper2,4,48,3.1 Hardware Implementation
paper2,4,49,ploy a linear actuator (Actuonix L16-P; gear ratio=63:1; maximum
paper2,4,50,"We engineered the actuation system shown in Figure 2, capable of load=100N) with a built-in encoder, mounted directly to the lever of"
paper2,4,51,"moving a TMS coil (Magstim D702 butterfly coil) around the user’s the aforementioned servo. Finally, for the Y-axis (as the coil moves"
paper2,4,52,"head, which is connected to a medical-grade magnetic stimulator from nose to back) we also use a linear motor (Actuonix P8-P; gear"
paper2,4,53,(Magstim Super Rapid2). ratio=165:1; maximum load=110N) with a built-in encoder. The
paper2,4,54,"Y-axis is mounted to the endpoint of the Z-axis actuator and, ulti-"
paper2,4,55,"1https://lab.plopes.org/#source-effector mately, holds the coil via a custom metallic adaptor. As we found"
paper2,5,1,"Haptic Source-effector: Full-body Haptics via Non-invasive Brain Stimulation CHI ’24, May 11–16, 2024, Honolulu, HI, USA"
paper2,5,2,"in our technical evaluation, we can move the Y-and Z-actuators serial command using MagPy. As a result, the stimulator charges its"
paper2,5,3,"reliably & repeatably at 1.9 mm and 2.6 mm steps respectively. So capacitor arrays at the requested intensity. In parallel, the Unity3D"
paper2,5,4,"far, what we described is a typical gantry (with carefully chosen application also sends serial commands to the motor controller to"
paper2,5,5,"actuators that are strong enough to move the TMS coil), however, move the coil to a target area. Once the coil has reached the position"
paper2,5,6,"with the standard design with fixed perpendicular axes, we would and five seconds have elapsed since the previous stimulation (see"
paper2,5,7,"not be able to account for the head’s curvature. This would require 3.3 Safety), the Unity3D application sends another OSC command"
paper2,5,8,"at least adding more actuators to tilt the coil. Instead, to avoid more to our middleware to trigger the TMS stimulation using three con-"
paper2,5,9,"actuators, we opted to build a structure with passive mechanisms. secutive 300-`s biphasic cosine cycle pulses [50], each separated"
paper2,5,10,"In the following, we describe the structural elements that make this by a 50-millisecond interval. Finally, the resulting current flow"
paper2,5,11,"possible. through the coil creates the oscillating magnetic field, delivering"
paper2,5,12,"Structural elements. To account for curvature, the Z-axis the stimulation to the target brain region."
paper2,5,13,"needs to be lifted as the coil traverses the head. One option, that"
paper2,5,14,"we explored in the early phase of the engineering, was to let the"
paper2,5,15,3.3 Safety
paper2,5,16,"coil hang entirely at the end of the Y-axis, with no further structure"
paper2,5,17,to support it. This is similar to some CNC machines that optimize Risks of TMS. Like any other electrical or brain stimulation tech-
paper2,5,18,"for space and do not feature two rails per degree of freedom (e.g., nique, TMS is not without its associated risks. These are primarily"
paper2,5,19,"EasyThreed X1). However, we noted this increased the slack and local skin-tingling at the scalp or magnetic interference with im-"
paper2,5,20,"backlash due to the coil’s weight. As such, we added a mount on planted devices, which can be avoided through user screening and"
paper2,5,21,"the faceplate of the VR headset (Meta Quest 2), which is depicted the proper selection of stimulation parameters [71]. Moreover, ac-"
paper2,5,22,in Figure 2. The faceplate was drilled and secured to our custom cording to a set of safety & ethics guidelines for TMS released in
paper2,5,23,"mount using M4 screws and a ball bearing. To enable movement 2021 [70], as long as TMS is applied to subjects without epilepsy,"
paper2,5,24,"with the new mount point, we incorporated a passive mechanism no lasting adverse events (e.g., seizures) have been reported. This"
paper2,5,25,"comprised of linear rails and bearings (Figure 2). This design allows claim is further supported by a comprehensive review of TMS, in-"
paper2,5,26,"the Z-axis linear actuation to tilt the coil around the pitch axis, cluding long-term use of up to 26 months [22]. TMS is also an"
paper2,5,27,"adapting to the nose-to-back curvature of the scalp. Lastly, the FDA (Food and Drug Administration) approved technique for ther-"
paper2,5,28,secondary mount attaches to the back of the VR headset’s strap apeutic purposes [18]. The minimal risk of TMS is ensured by
paper2,5,29,using a custom 3D-printed bracket. properly screening the population and limiting stimulation within
paper2,5,30,Alternative designs. Many other designs are certainly possible the known safety range.
paper2,5,31,"and ours depicts one possibility. For instance, one could add a User screening. In adherence to the safety guidelines [70, 71],"
paper2,5,32,"hemispheric rail connecting the sides of the VR headset’s strap to a we strictly applied the following user eligibility criteria. First, we"
paper2,5,33,"passive rail, thus guiding the coil with greater precision. However, did not recruit participants with medical conditions that could in-"
paper2,5,34,"after experimenting with this, we noted that this also has drawbacks: crease the risks associated with TMS (i.e., epilepsy, or history of"
paper2,5,35,"(1) it prevents the headset’s strap-size adjustment from working, seizures). Second, in line with the safety guidelines for fMRI [20],"
paper2,5,36,"rendering our system fixed in size unlike our current design (i.e., the we did not recruit participants with implanted devices (e.g., pace-"
paper2,5,37,"rails properly slide as the user adjusts the headset for their size); and makers, metal implants) to prevent unintended interactions with"
paper2,5,38,"(2) It restricts the coil’s movement to a single line over the cortex, the electromagnetic field generated by the coil. We also ensured"
paper2,5,39,"eliminating the possibility of diagonal movement. Additionally, it ethical compliance by obtaining informed consent from partici-"
paper2,5,40,"is important to note that our evaluation showed our system has pants prior to using our device—overall, these screening criteria"
paper2,5,41,already achieved sufficient accuracy to stimulate the sensations are mostly analogous to those for EMS [41].
paper2,5,42,found in Study#1. Stimulation parameters. Rossi et al.’s guidelines provide a
paper2,5,43,range of stimulation parameters that ensure minimal risks during
paper2,5,44,TMS [71]. These specify the maximum stimulation duration and
paper2,5,45,3.2 Software Implementation
paper2,5,46,the necessary break period between stimulations as a function of
paper2,5,47,"To control our medical-grade TMS stimulator, we implemented a the stimulation frequency. For instance, for a 20 Hz stimulation,"
paper2,5,48,"custom middleware via MagPy Python Toolbox [54], which routed the guidelines prescribe a safe continuous stimulation up to 400"
paper2,5,49,"serial communication to the stimulator and received Open Sound ms (i.e., 8 consecutive pulses). Following this guideline, we use"
paper2,5,50,Control (OSC) commands. Our main applications for both studies the stimulation parameter of three consecutive pulses with 50 ms
paper2,5,51,"ran on Unity3D, which dispatched OSC commands to our custom intervals—a conservative & safe approach using less than half of"
paper2,5,52,"middleware for TMS, and serial commands to a SAMD21-XIAO the maximum pulse count that is deemed safe. Moreover, for these"
paper2,5,53,"microcontroller connected to the motors and encoders. For tracking stimulation parameters, Rossi et al. further recommend adding a"
paper2,5,54,"the hands and feet, we used HTC VIVE 3.0 Trackers attached to the five-second break between stimulation sequences. As such, our"
paper2,5,55,"user’s extremities, and integrated their tracking information into software apparatus does not allow the TMS stimulation to be re-"
paper2,5,56,Quest 2’s headset tracking using Open VR Space Calibrator [45]. activated unless five seconds have elapsed prior to the preceding
paper2,5,57,"Stimulation flow. When a VR experience requests feedback, stimulation. This additional safety was also incorporated into our"
paper2,5,58,"the following process triggers the stimulation: the Unity3D applica- VR experience used in Study#2, by adjusting aspects such as the"
paper2,5,59,tion communicates the required stimulation intensity to the Python timing of the enemy’s attacks or charge-up duration for the user’s
paper2,5,60,"middleware via OSC, which is then conveyed to the stimulator as a projectile launcher."
paper2,6,1,"CHI ’24, May 11–16, 2024, Honolulu, HI, USA Yudai Tanaka et al."
paper2,6,2,Figure 3: (a) Measurement setup for the actuation characterization. (b) Mean errors and standard deviations (SD) for all targets.
paper2,6,3,"Runtime safety. For runtime safety, we implemented an emer- Range of motion. We characterized the range of motion for"
paper2,6,4,"gency stop function in our Unity application, which immediately each motor axis. We found that the rotation of the servo motor"
paper2,6,5,shuts off both the TMS stimulation (hardware switch) and motor (X-axis) spans 24 cm across the head. The actuation range of the
paper2,6,6,"power (hardware switch). Y-axis linear actuator equates to 7.4 cm across the head, and the"
paper2,6,7,Z-axis linear actuator’s range corresponds to a 24-degree tilt of the
paper2,6,8,4 TECHNICAL EVALUATION coil in the pitch axis.
paper2,6,9,Minimum step-size. We characterized the step-sizes that the
paper2,6,10,We conducted two technical characterizations: (1) device charac-
paper2,6,11,coil can robustly move on the scalp using its servos and linear
paper2,6,12,"terization (i.e., end-to-end latency, noise, weight), and (2) actu-"
paper2,6,13,"actuators, which we found to be: 4.2 mm, 1.9 mm, and 2.6 mm for"
paper2,6,14,"ation characterization (i.e., accuracy in moving the coil on the"
paper2,6,15,"the X-, Y-, and Z-axes respectively."
paper2,6,16,user’s scalp).
paper2,6,17,Actuation consistency. The most important factor is the ability
paper2,6,18,to consistently replicate target coil positions multiple times after
paper2,6,19,4.1 Device Characterization
paper2,6,20,"calibration, i.e., measuring the motors’ drift. For this test, we in-"
paper2,6,21,End-to-end latency. We measured an end-to-end latency of 16 ms structed the system to actuate to eight known targets in the four
paper2,6,22,using a 240fps camera that also recorded sound—this is a complete cardinal directions at two distances that were pre-defined. In these
paper2,6,23,"round-trip, from an event in Unity3D to the audible sound of a TMS measurements, the coil was first set to the initial position where the"
paper2,6,24,"pulse. For simplification, the coil was already at the target, we will center of the coil coincided with the center of the mannequin’s scalp."
paper2,6,25,"later characterize the actuation speed delay while moving the coil. Then, the coil was actuated at the speed employed in our Study#2"
paper2,6,26,"Operating noise. We measured the sound generated by our (50mm/s on X-axis, 8mm/s on Y-axis, and 18mm/s on Z-axis), After"
paper2,6,27,"TMS using a decibel meter (AS824) placed at the height of a user’s stopping, we calculated the error. We repeated this 10 times for"
paper2,6,28,"ear (ten repetitions). We measured an average peak of 79.8 dB at the each target to obtain a variability, as a metric of robustness. Figure"
paper2,6,29,"average TMS intensity used in Study#2 (actuating the leg, which 3 (b) shows our results. We found that the average error across the"
paper2,6,30,"requires the most amplitude). In comparison, haptic devices such as targets was 1.4 mm (SD=0.7) on the X-axis (left/right) and 1.5 mm"
paper2,6,31,"propeller-based tend to be louder (e.g., [72] produces up to 95.3dB). (SD=0.4) on the Y-axis (front/back). Consequently, this actuation"
paper2,6,32,"Also, propeller-based devices actuate for several seconds or even consistency, along with the minimum step sizes, confirmed that"
paper2,6,33,"stay on for minutes, instead, our TMS produces sounds for only our system surpasses the required precision of 8.5 mm."
paper2,6,34,150 ms. Actuation latency. We measured the time that our actuation
paper2,6,35,"Device weight. The total weight of the device is 3.1 kg (mea- system would require in a worst-case scenario, where the coil needs"
paper2,6,36,"sured with a Camry Digital Scale, 50g resolution), which consists to travel from the jaw location on the left side to its counterpart on"
paper2,6,37,of 1.1 kg from the effective weight of the TMS coil when worn the right. Drawing from the average unit distance between different
paper2,6,38,"and connected to the stimulator and 2.0 kg from our mechanical stimulation targets on the scalp as determined in our Study#1, we"
paper2,6,39,"actuators, rails, and attachments. set the distance for this case to be 13.6 cm. We found it takes 3.2"
paper2,6,40,seconds for our system to cover this furthest distance.
paper2,6,41,4.2 Coil Actuation Characterization
paper2,6,42,"5 CONTRIBUTION, BENEFITS & LIMITATIONS"
paper2,6,43,"As we will see in our Study#1, we observed that the shortest distance"
paper2,6,44,"between adjacent locations on participants’ scalps that correspond Our key contribution is a novel interface concept, haptic source-"
paper2,6,45,"to haptics on different limbs, was approximately 17 mm. Conse- effector, which we explore as an alternative direction to scaling"
paper2,6,46,"quently, we required an actuator that meets this level of precision, haptic interfaces to be able to render full-body sensations from a"
paper2,6,47,"ideally with a resolution of at least half that distance, i.e., 8.5 mm. centralized on-body device."
paper2,6,48,Measurement setup. All the evaluation in this section was Our approach has four key benefits: (1) One actuator for full-
paper2,6,49,conducted with a HTC VIVE 3.0 tracker (with a tracking accuracy body haptics: unlike haptic systems created by a constellation of
paper2,6,50,"of 0.3 mm [7]) attached to the coil of our complete system worn by many devices, our implementation has only one centralized point"
paper2,6,51,a mannequin head (Figure 3a). We used our Unity3D application of contact with the user’s brain; this is beneficial in that it demon-
paper2,6,52,to control the motors while recording the tracker’s position. Note strates a path forward to scaling haptics without the complexities
paper2,6,53,that the positional difference between the tracker and the center associated with wearing many actuators. (2) Easily reconfig-
paper2,6,54,"of the coil was compensated via an offset applied in the Unity3D urable: as our TMS coil moves over the user’s scalp, it gains access"
paper2,6,55,spatial coordinates. to eliciting tactile/force sensations across many parts of the user’s
paper2,7,1,"Haptic Source-effector: Full-body Haptics via Non-invasive Brain Stimulation CHI ’24, May 11–16, 2024, Honolulu, HI, USA"
paper2,7,2,"body, thus the device can reconfigure by moving to a new stimu- as observing any resulting limb movements—this study design was"
paper2,7,3,lation location of the user’s brain—contrast the distance that an based on traditional neuroscientific methods used by prior work to
paper2,7,4,"actuator would have to be moved if swapped from hands to feet investigate motor responses to TMS [13, 95], as well as perceived"
paper2,7,5,"(source-effector’s movement on the scalp is 50-times smaller than locations [74, 94] or qualities [2, 76] of electro-tactile stimulation."
paper2,7,6,that). (3) Freeing up the body: because source-effector only sits The study was approved by our Institutional Review Board (IRB21-
paper2,7,7,"on the head, it frees up the rest of the body from hardware—no 0055)."
paper2,7,8,need to wear end-effectors which would otherwise limit the user’s
paper2,7,9,ability to feel sensations in their hands or feet; (4) Force & touch:
paper2,7,10,6.1 Study Design
paper2,7,11,since any sensory information takes the form of electrical currents
paper2,7,12,"passing through neurons in the brain, our approach renders both Participants. We recruited 12 participants from our institution"
paper2,7,13,"touch & forces—two different modalities that conventionally re- (7 identified as male, 5 as female, average age = 23.2 years, SD ="
paper2,7,14,"quire two different types of actuators (e.g., vibrotactile motors and 2.2). All participants were right-handed. The participants were"
paper2,7,15,force-based exoskeletons). compensated with $30 USD.
paper2,7,16,Limitations. We acknowledge that our current implementation Apparatus. We used a medically compliant magnetic stimulator
paper2,7,17,of source-effector based on TMS has its limitations and every bene- (Magstim Super Rapid2) with a butterfly coil (Magstim D702). The
paper2,7,18,"fit has associated caveats. First, while our concept is novel in that a participant sat in a reclined chair, wearing earplugs and a white"
paper2,7,19,"single point of instrumentation can realize haptics in many body fabric cap on their scalp, which allowed the experimenter to mark"
paper2,7,20,"locations, this instrumentation is currently heavy. Second, this the stimulation locations prior to actual trials. For reporting elicited"
paper2,7,21,"point of instrumentation leaves plenty to be optimized for in terms touch sensations, we provided participants with an iPad and Apple"
paper2,7,22,of comfort (not only total weight but distribution of weight too). pencil running our GUI application. This enabled them to draw the
paper2,7,23,"Third, while this haptic actuator is unique in its ability to reconfig- perceived sensation area on front/back views of a human model."
paper2,7,24,"ure to stimulate new body locations, the fundamental limits of TMS They reported the quality of the sensation by selecting from the"
paper2,7,25,"dictate the expressivity of this approach—like any other technique following six keywords: “tapping”, “vibrating”, “tingling”, “press-"
paper2,7,26,"based on stimulating neurons, TMS is also non-selective, i.e., elec- ing”, “skin-stretching”, and “thermal”. For evaluating force feedback"
paper2,7,27,"trical eddy currents traverse through many neurons at once, which from TMS, we video-recorded participants throughout the study"
paper2,7,28,"limits induced sensations (i.e., touch & forces, but not thermal), and post-annotated any involuntary joint movements via TMS that"
paper2,7,29,"limits spatial fidelity (i.e., we cannot stimulate small brain areas occurred during each trial."
paper2,7,30,"and those corresponding to high thresholds such as the torso), and Stimulation. We stimulated the right hemisphere of the senso-"
paper2,7,31,"modality isolation (e.g., force-feedback occurs with touch). More- rimotor cortex (corresponding to the left side of the body [35]) with"
paper2,7,32,"over, we discuss more detailed limitations in our roadmap as we three consecutive 320 `s TMS pulses separated by 50 ms, resulting"
paper2,7,33,believe that these point to a set of challenges worth pursuing to in a stimulation of ∼150 ms. While we opted to only stimulate the
paper2,7,34,"further unlock TMS’ interactive potential. right side of the brain to avoid fatigue, the results will be gener-"
paper2,7,35,"Finally, we reflect on the nature of our proposal: the TMS tech- alizable to the left side. In fact, we purposefully picked this side"
paper2,7,36,nique we employed is not new—it originates from neuroscience and because it allowed us to measure the worst-case scenario since the
paper2,7,37,"medicine as a method to understand our brain function. However, other side (dominant side) of the brain is known more sensitive to"
paper2,7,38,the value of our proposal also lies in the translation of this medical TMS [92].
paper2,7,39,"tool as a new way for full-body haptics. In fact, similar translational Defining the stimulation locations. We identified two loca-"
paper2,7,40,"efforts have previously advanced our field, e.g., the PossessedHand tions on the participant’s scalp that yielded minimum stimulation"
paper2,7,41,"[69] translated a 50-year-old medical tool (i.e., EMS) into our field, intensities to elicit observable limb movement (i.e., motor threshold)"
paper2,7,42,"leading to a growth in force-feedback research. Likewise, our effort for the hand and foot. For this, the experimenter moved the coil"
paper2,7,43,"is the first to translate transcranial magnetic stimulation from the following the grid-search method used by Franza et al. [25], while"
paper2,7,44,realm of neuroscience into new knowledge for designing brain- adjusting the intensity based on Awiszus’ method [3]. After setting
paper2,7,45,"haptic systems. the hand and foot locations, we defined the final nine locations on"
paper2,7,46,a line between them. These were equidistant at one-sixth of the
paper2,7,47,6 STUDY#1: GENERATING HAPTIC distance between the hand and foot locations.
paper2,7,48,Procedure. We started trials at the foot location. For each loca-
paper2,7,49,SENSATIONS ACROSS THE BODY WITH
paper2,7,50,"tion, the intensity was set to 10% below the hand’s motor threshold."
paper2,7,51,BRAIN STIMULATION
paper2,7,52,The amplitude of TMS stimulation was reported in percentage (100%
paper2,7,53,"In our first study, we focused on characterizing the range of our is the stimulator’s maximum). During a trial, the experimenter stim-"
paper2,7,54,"source-effector concept when implemented by means of medical- ulated the target location. Afterward, the participant reported the"
paper2,7,55,"grade transcranial magnetic stimulation (TMS), by measuring: (1) strongest point and area of a perceived touch as well as a keyword"
paper2,7,56,"in what locations can haptic sensations be created using TMS? and, (or if nothing was felt). Then, the experimenter increased the inten-"
paper2,7,57,"(2) what types of haptic sensations can TMS create? sity by 5% while ensuring the participant’s comfort & consent, and"
paper2,7,58,"As such, a TMS-trained experimenter stimulated the nine pre- moved to the next trial. This process continued until the participant"
paper2,7,59,defined locations on the right hemisphere of participants’ sensori- reported the same location and same quality of sensations for two
paper2,7,60,"motor cortex using TMS, while participants reported where they consecutive trials, or the intensity reached the maximum (i.e., 100%)."
paper2,7,61,"felt sensations and the strongest point of tactile sensation, as well At that point, the procedure advanced to the next location."
paper2,8,1,"CHI ’24, May 11–16, 2024, Honolulu, HI, USA Yudai Tanaka et al."
paper2,8,2,Figure 4: Overview of results depicting the locations where we were able to induce touch and/or movement in participants.
paper2,8,3,"Analysis. After each study session, we organized the partici- this note, neuroscience research suggests that it is more challeng-"
paper2,8,4,pants’ responses regarding touch sensations based on where the ing to induce somatosensory responses in the side we actuated
paper2,8,5,"strongest point of the sensation was. We also annotated each trial (non-dominant) via TMS [92]—thus, these results are expected to"
paper2,8,6,"to indicate which of the following body parts moved: “none”, “jaw”, generalize even better to the other side. When accounting for both"
paper2,8,7,"“upper arm”, “forearm”, “hand” (i.e., the palm), “fingers”, “upper sides of the user’s body, this brings the haptic sensations that can be"
paper2,8,8,"leg” (i.e., the thigh), “lower leg”, and “foot”. To focus exclusively on induced by TMS to a total of 15 sensations with a single actuator:"
paper2,8,9,"clear and meaningful force feedback situations, we adhered strictly four touch sensations and eleven force-feedback sensations. Note"
paper2,8,10,"to the following two rather conservative criteria: (1) when multiple that we regarded jaw movement as one sensation. In the following,"
paper2,8,11,"parts of the same limb moved, it was counted as the movement we analyze each modality (i.e., touch / force-feedback) in more"
paper2,8,12,"of the part closer to the torso, which is typically the largest/coars- detail."
paper2,8,13,"est (e.g., if both forearm and fingers moved, it was annotated as Touch. Results suggest that we were able to induce, by means of"
paper2,8,14,"forearm)—thus, in our analysis, ”foot movement” means only the TMS, touch sensations (i.e., only tactile in isolation of any noticeable"
paper2,8,15,"foot moved, and so forth; (2) movements that occurred when the movements) in two unique locations: hand and foot, which were"
paper2,8,16,"strongest touch sensations were felt outside the relevant body part both experienced by 75% of the participants (i.e., nine participants)."
paper2,8,17,"(e.g., a trial with hand movement, but strongest sensation in the The next most promising area was found to be touch on any of the"
paper2,8,18,"forearm) were counted as “none”. four fingers, experienced by 67% of participants, which we did not"
paper2,8,19,"find to meet our criteria. Now, we turn to where in the hand or foot"
paper2,8,20,"6.2 Results these touch sensations occurred. For this purpose, for each of the"
paper2,8,21,"nine participants who reported sensations in these areas, we plotted"
paper2,8,22,Overview. Figure 4 depicts an overview summarizing the body
paper2,8,23,raw data from one trial where they felt the strongest touch sensation
paper2,8,24,locations where we were able to induce touch and/or movement
paper2,8,25,"in these areas. As shown in Figure 5 (a, b), TMS could induce the"
paper2,8,26,"in participants. Overall, these results suggest that we were able"
paper2,8,27,"sensations on the front side of the hand or the either side of the foot,"
paper2,8,28,to induce touch sensations without body movement in two
paper2,8,29,meaning no simultaneous sensations were observed in other areas.
paper2,8,30,"locations (hand & foot), and involuntary body movement ac-"
paper2,8,31,"Moreover, we found that these tactile sensations had spectrum of"
paper2,8,32,"companied with or without touch in six locations (fingers,"
paper2,8,33,quality with the majority being described as “tapping” (33%) or
paper2,8,34,"hand, forearm, lower leg, foot, and jaw). Moreover, it is worth"
paper2,8,35,"“vibrating” (33%), and less often as “tingling” (11%), “pressing” (11%,"
paper2,8,36,noting that we only actuated the right hemisphere of their cortex
paper2,8,37,"22%) or stretching (11%, 0%)—as depicted in Figure 5 (c)."
paper2,8,38,corresponding to the non-dominant hand side of the body for the
paper2,8,39,"Force-feedback. As shown in Figure 4, our results suggest that"
paper2,8,40,sake of participants’ time (study durations of up to 1.5 hours). On
paper2,8,41,"we were able to induce, by means of TMS, force-feedback sensations"
paper2,8,42,"(i.e., noticeable involuntary movements) in six unique locations:"
paper2,8,43,"jaw (75%), forearm (100%), hand (92%), fingers (83%), lower-leg"
paper2,8,44,"(92%), and foot (92%), which were all experienced by >75% of the"
paper2,8,45,"participants. In fact, most of the actuated limbs were observed in"
paper2,8,46,almost all participants (>90%) except for the jaw (75%) and fingers
paper2,8,47,(83%). The next most promising candidate would be the upper leg
paper2,8,48,"(58%), which we did not find to meet our criteria. Furthermore,"
paper2,8,49,all these force-feedback sensations were associated with touch
paper2,8,50,"at the same location (e.g., if the hand was actuated involuntarily,"
paper2,8,51,"there was touch felt & reported on the hand), except for the jaw"
paper2,8,52,movements. Jaw movements were observed to be isolated from
paper2,8,53,"touch sensations (i.e., only movement was observed). Moreover,"
paper2,8,54,"while the jaw movement was likely also unilateral (i.e., it moved"
paper2,8,55,the left side of the jaw more than the right) its effect was perceived
paper2,8,56,"by participants as one single movement, i.e., jaw clenching on both"
paper2,8,57,"sides; hence, we only consider this as a single haptic sensation."
paper2,8,58,"Correspondence to the brain areas. Next, we analyze which"
paper2,8,59,locations of the sensorimotor cortex were more effective in creating
paper2,8,60,"Figure 5: (a, b) Extracted raw data of where the participants haptic sensations. Figure 6 depicts the brain region that we targeted,"
paper2,8,61,felt touch sensations in the hand and foot. (c) Quality of the with a line emphasizing the principal axis of the sensorimotor
paper2,8,62,"sensations. cortex, which was defined for each participant prior to trials. From"
paper2,9,1,"Haptic Source-effector: Full-body Haptics via Non-invasive Brain Stimulation CHI ’24, May 11–16, 2024, Honolulu, HI, USA"
paper2,9,2,Figure 6: A heatmap of stimulation locations of the sensorimotor cortex corresponding to evoked touch sensations & movements.
paper2,9,3,"here, we depict the effectiveness of each stimulation location in 7 STUDY#2: USER’S EXPERIENCE WITH"
paper2,9,4,creating touch or movement at nine equally separated positions SOURCE-EFFECTOR
paper2,9,5,"on the main axis. In defining these positions, we found that the"
paper2,9,6,This study was designed so that participants could provide quali-
paper2,9,7,average unit distance between each location was 8.3 mm (SD=0.9;
paper2,9,8,tative feedback regarding their experience with this on-of-a-kind
paper2,9,9,min=7; max=10). This suggest that only position 2 was redundant
paper2,9,10,"device during an actual interactive use. To this end, participants"
paper2,9,11,"with 1, and the remainder were useful for haptics. Moreover, the"
paper2,9,12,experienced a custom-design VR game that featured several sensa-
paper2,9,13,two nearest adjacent locations that successfully stimulated limbs
paper2,9,14,tions that our device is capable of (from Study#1). VR experience
paper2,9,15,were separated by ∼17 mm (x2 average unit distance). This indicates
paper2,9,16,was followed by a semi-structured interview to let participants voice
paper2,9,17,that interactive systems operating a TMS coil should maintain a
paper2,9,18,their experiences. This study was approved by our Institutional
paper2,9,19,"positional precision of at least ∼8.5 mm, which we used as our"
paper2,9,20,Review Board (IRB21-0055).
paper2,9,21,design specification.
paper2,9,22,"Stimulation thresholds. Finally, with respect to inducing hap-"
paper2,9,23,"7.1 Apparatus, VR & Haptic Design"
paper2,9,24,"tic sensations by means of TMS, we investigated at what intensity"
paper2,9,25,haptic effects occurred. Figure 7 shows a breakdown of the intensity Apparatus. Participants wore our complete device and a VR head-
paper2,9,26,"at which touch sensations and/or movement were first observed set (Meta Quest 2), as described in Implementation. Their hands and"
paper2,9,27,"on average. Overall, haptic effects occurred within the range of feet were tracked via four HTC VIVE 3.0 Trackers attached with"
paper2,9,28,60∼85%. Results also suggest that body parts closer to the torso con- Velcro-straps. Participants wore headphones (Apple Airpods Pro)
paper2,9,29,"sistently required higher stimulation intensities (e.g., the forearm to hear the VR experience."
paper2,9,30,"required more than the hand), indicating that the extremities are VR experience. Participants embodied the avatar of a cyborg"
paper2,9,31,"easier to stimulate. Additionally, touch sensations always occurred trying to escape a robotics factory that has malfunctioned, as de-"
paper2,9,32,"at lower intensities than movements, which aligns with Franza et picted in Figure 8 (a). However, when they find the escape route"
paper2,9,33,"al’s findings on TMS studies of the hand [25]. blocked by malfunctioning robots that fire at them, —as depicted"
paper2,9,34,in Figure 8 (b)— the VR experience commands our haptic device
paper2,9,35,"to render tactile sensation on the affected area (e.g., the left hand in"
paper2,9,36,"this case, but both hands and feet are possible). To advance, partici-"
paper2,9,37,pants can counteract by charging up their plasma-hand and firing
paper2,9,38,plasma-projectiles to deactivate the robots—as depicted in Figure 8
paper2,9,39,"(c)—when they open the palm of their hands in a firing gesture, the"
paper2,9,40,Figure 7: A summary of the minimum stimulation intensities VR experience detects this gesture and prompts our haptic device
paper2,9,41,observed to induce touch sensations & movements. to render force-feedback and tactile sensations on the firing hand
paper2,9,42,"(e.g., the right hand in the case, but both hands can fire plasma"
paper2,9,43,"shots). After this, the user continues to counteract any robots that"
paper2,9,44,"Study conclusions. Overall, our results imply that, when con- appear, which can fire shots against any of the user’s VR limbs (i.e.,"
paper2,9,45,"sidering both sides of a user’s body, TMS can produce a total of the hands or feet). Figure 8 (d) shows the user being shot in their"
paper2,9,46,"15 haptic sensations using just one actuator: touch sensations at right foot—just before this happens, the VR prompts our haptic"
paper2,9,47,"each of the four extremities and force feedback at eleven locations device to render tactile sensation on the right foot. After a while,"
paper2,9,48,"spanning across the jaw and the four limbs. Finally, building on the user’s plasma-hand stops working, and they need to recharge"
paper2,9,49,"our findings, we designed an interactive experience that can render the energy. They locate a crate on the floor and stomp it with their"
paper2,9,50,"force feedback to the user’s hand, forearm, foot, and lower leg on feet to release its charging energy—as depicted in Figure 8 (e)—just"
paper2,9,51,"both sides of the body and used it to probe into experiential aspects before the stomping releases the energy, the VR commands our"
paper2,9,52,of our approach. haptic device to render force-feedback and tactile sensation on the
paper2,10,1,"CHI ’24, May 11–16, 2024, Honolulu, HI, USA Yudai Tanaka et al."
paper2,10,2,"Figure 8: Full-body interactions in our Study#2, including: force-feedback and tactile sensations on both hands and both feet."
paper2,10,3,"left leg. The user keeps fighting until they eventually find a button comprised eight questions. Finally, interviews were recorded in"
paper2,10,4,that opens the exit door—as depicted in Figure 8 (f)—as they are audio (with consent) for transcription.
paper2,10,5,"about to press it, the VR requests that our haptic device render"
paper2,10,6,tactile sensation on the right hand. The user has escaped the factory.
paper2,10,7,7.3 Results
paper2,10,8,Haptic design. Although our system has some mechanical
paper2,10,9,"latency and added safety pauses (see 3.3 Safety), we tailored our We analyzed video-recordings from the VR experiences, depicted in"
paper2,10,10,"game design to overcome it. For instance, to give the coil time to Figure 9, as well as responses to our interviews. We identified eight"
paper2,10,11,"arrive at the hand (∼3.2 seconds if coming from the furthest away), unique topics: (1) surprise, (2) coil, (3) ergonomics, (4) full-body"
paper2,10,12,"the participant hears a charging sound and sees the hand charging sensations, (5) force feedback, (6) tactile feedback, (7) unexpected"
paper2,10,13,"before the plasma shot is fired. This is an example of how haptic sensations, and (8) future form-factors & applications."
paper2,10,14,designers create VR situations to set up the user’s mental model Surprise. Six participants (out of eight) expressed surprise:
paper2,10,15,"to handle haptic devices that include some latency (e.g., shape- ”felt like it’s actually happening. Was impressed[!]” (P5), ”very"
paper2,10,16,"changing devices [34, 90]). Another way to handle latency is to surprising” (P2), ”surprise that it works, the location of the sensation"
paper2,10,17,"preemptively schedule an event just before it happens, which we and motion was correct despite the device being on the head (...)"
paper2,10,18,"leverage when the user is hit by the robots (a popular design used hard to imagine that it can work but it does[!]” (P4), and ”is on top"
paper2,10,19,"in prior work, e.g., [89] or [17]). Finally, we also took advantage of your head which you wouldn’t expect to be able to move your"
paper2,10,20,"of events not initiated by the user’s voluntary actions (e.g., the hands and feet. It was a little counterintuitive[!]” (P7), ” it is cool"
paper2,10,21,"appearance of the box, the start of enemy firing, spawning new that it is coming directly from your brain. (...) [no need to] attach"
paper2,10,22,"enemies, and so forth). Thus, we only triggered interactive events stuff to other parts of your body” (P6), and ”It felt natural because"
paper2,10,23,"with haptics after the coil was set atop the target position and/or there was nothing there, like using my natural hand [versus] using"
paper2,10,24,the completion of the five-second safety interval—a strategy known a glove (...) bright future! (...) a natural feeling and doesn’t feel
paper2,10,25,as queueing. like needles and there is no glue to remove at the end ” (P1).
paper2,10,26,Feeling the coil movement or coil action. Three participants
paper2,10,27,(out of eight) recalled feeling the coil’s movement: ”you can kind
paper2,10,28,7.2 Study Design
paper2,10,29,"of just ignore the movement, all of the feedback was unexpected."
paper2,10,30,Participants. We recruited eight participants (five identified as You can’t anticipate the sensation in advance” (P4) or ”[the coil
paper2,10,31,"male, three as female, average age = 25.3 years, SD = 3.0) from moving] feels like it’s massaging your head, which is good!” (P6)"
paper2,10,32,our institution; three had partaken in our first user study. All and ”the movement of the device could be distracting but the actual
paper2,10,33,"participants were right-handed. Moreover, with the participants’ sensations were realistic” (P8). Finally, two participants (out of"
paper2,10,34,"consent, we videotaped the study. Participants received $30 USD eight) commented on feeling the coil’s stimulation ”everything else"
paper2,10,35,as compensation. [in VR] distracted from it” (P6) and ”felt [haptics] in a specific body
paper2,10,36,"Procedure. Prior to the VR trial, we calibrated the coil’s position area, sometimes it was covered by the sensation on the skull” (P3)."
paper2,10,37,and the stimulation intensity to induce the visible movements of Device’s ergonomics. Three participants (out of eight) com-
paper2,10,38,"the hand, forearm, foot, and lower leg for both sides of the body. We mented on ergonomics: ”a little heavy, but everything else was"
paper2,10,39,adjusted the coil position with our motor structure while sending fine. It was comfortable aside from the weight. It didn’t feel un-
paper2,10,40,"commands to motors via GUI sliders on our Unity application. After comfortable when was moving around” (P7), ”not really aware of"
paper2,10,41,"the calibration, the participant experienced the VR scene. Then we the moving part but was aware of the heaviness (...) but it is a lot"
paper2,10,42,"conducted a semi-structured exit interview. more adaptable, better than putting 10 different things on body”"
paper2,10,43,"Interview structure. Our semi-structured interview included (P5), ”If there is more weight on the front, it would be better” (P6)."
paper2,10,44,four phases: (1) Overall experience: opener questions about the Full-body. All eight participants recalled how they felt all sen-
paper2,10,45,"overall experience with the device; (2) Open-ended feedback: we sations successfully, including tactile and forces on their hands,"
paper2,10,46,"invited participants to provide any comments regarding any aspect feet, and arms during interactions with firing a projectile, stomping"
paper2,10,47,"of their experience in the entire study; (3) VR experience: one on a box, getting shots on the hands/feet, and pressing the escape"
paper2,10,48,"question per VR interaction; (4) Future: we invited participants button. For instance, ”felt sensations on the whole body, which"
paper2,10,49,to share use-case/features they would like to see. In total this is very convenient. Liked how you only need to calibrate once at
paper2,11,1,"Haptic Source-effector: Full-body Haptics via Non-invasive Brain Stimulation CHI ’24, May 11–16, 2024, Honolulu, HI, USA"
paper2,11,2,"Figure 9: Photos of participants’ experiences (reproduced with their consent): feeling the recoil of throwing a projectile (a, b);"
paper2,11,3,"stomping on a virtual box (c, d); feeling the impact of a projectile on the hand (e); pressing a virtual button with haptics (f)."
paper2,11,4,the beginning and do not need to calibrate again” (P2; note that 8 DISCUSSION & ROADMAP
paper2,11,5,"recalibration could be needed depending on the situation). In this section, we present our reflections and a potential roadmap"
paper2,11,6,Strong force feedback. Seven (out of eight) participants com- to further exploring this novel idea.
paper2,11,7,"mented on the strength of the force feedback, for instance, ”knee"
paper2,11,8,"joint bounce [proceeds to make ”boom” sound], it felt strong (…)"
paper2,11,9,8.1 Roadmap for Technical Limitations
paper2,11,10,"like stomping on a rubber ball” (P2, stimulated on leg as they"
paper2,11,11,"stomped on the box), ”felt [a] pushback, cool!” (P1, stimulated As one of the very first haptic systems making use of TMS as a cen-"
paper2,11,12,"on hand as they fired the laser), or ”Felt very strong, maybe be- tralized haptic actuator, our exploration let us engage & measure"
paper2,11,13,cause it suddenly moves your foot and you need to balance back. several of its current limitations. We believe these current limita-
paper2,11,14,"surprised by the attack [of the robot].” (P4, stimulated on foot), ” tions point to significant areas for future research. It is important"
paper2,11,15,"really strong, like a kickback (…) kind of like a recoil”. (P7)— P1, to note that many in neuroscience/medicine do not push past these"
paper2,11,16,"P4, and P8 went as far as to call the effects felt ”very natural”. The limitations because, for most of their practical purposes, these are"
paper2,11,17,"participant who did not enjoy the haptics mentioned: ”All of the minor issues (e.g., TMS’ audible noises are a minor nuisance during"
paper2,11,18,haptic sensations made sense (...) [I] just didn’t like them (...) [and TMS-depression therapy). We argue that incentives to push TMS
paper2,11,19,then proceeded to explain that they felt] scared of losing balance past its current form factor might have to come from outside of the
paper2,11,20,initially [when feeling foot force feedback]” (P6). medical space. This is perhaps akin to how researchers & industry
paper2,11,21,Tactile feedback. All eight participants reported feeling tactile in HCI have engineered compact & easy-to-wear EMS stimulators
paper2,11,22,sensations during the VR experience. Two participants (out of when compared with medical-grade EMS devices. We argue that
paper2,11,23,eight) commented that these felt less expressive than the force- the translation & exploration of TMS in interactive systems might
paper2,11,24,"based sensations, ”movement is stronger than tactile” (P2), and accelerate & motivate technical advances."
paper2,11,25,”[feeling shot on hand was] less realistic than laser or stomp [both Acoustic noise. Rapidly oscillating magnetic fields create audi-
paper2,11,26,force]” (P3). ble coil vibrations. Some advances in noise reduction are possible.
paper2,11,27,"Unexpected sensations. One participant reported a sensation For instance, Peterchev et al. demonstrated a TMS coil that effec-"
paper2,11,28,"that was not force or touch, ”the [foot] sensation was very sudden tively reduces its noise by 19 dB—achieved by altering the coil’s"
paper2,11,29,"(...) may have contributed to the burning sensation, made me casing to shift sounds outside the user’s hearing range [67]."
paper2,11,30,"realize I got shot” (P2). Also, one participant was surprised by the Coil ergonomics. TMS coils are larger than most types of nerve"
paper2,11,31,"involuntary actuation, ”kind of scary. Interesting because I am not stimulation (e.g., EMS). While participants in our Study#2 wore our"
paper2,11,32,"in control” (P1). complete system, we believe that this heavyweight may negatively"
paper2,11,33,Future form-factors & applications. Regarding future appli- impact experiences of prolonged use and do not recommend these.
paper2,11,34,"cations beyond the VR they experienced, three participants stated, Improving the coil’s form factor is paramount for better wearability."
paper2,11,35,"”Learn to play instruments since hands are free (...) or handle One approach is altering coil geometries (e.g., single-loop coils"
paper2,11,36,"emergency situations [it] can get your attention very quickly” (P4), reduce the size by half [21]). Another approach is using smaller"
paper2,11,37,"”stationary mouse + keyboard games” (P2), and ”use with constant coils designed for small mammals [88], which might still be enough"
paper2,11,38,"forces, liquid, wind, etcetera” (P3). Regarding future form factors, for applications with weak haptics. With all these, there is a tradeoff"
paper2,11,39,two participants added other ways they would like to experience between size/weight and depth of the stimulation [21].
paper2,11,40,"our device: ”many coil arrays so no [need for] motor movement Stimulator size. Current TMS stimulators are still large, e.g.,"
paper2,11,41,"(...) [and later added] this could be a structure that carries the coil ours measures 46×38×31 cm. This is because, to produce strong"
paper2,11,42,"without placing the weight on the user” (P2) and ”maybe move the magnetic fields, the capacitor arrays require large power (4600 W"
paper2,11,43,coil up a couple of centimeters when it is not stimulating” (P1). at peak—approximately the energy intake of two hairdryers). At
paper2,11,44,"the current stage, we recommend TMS tethered to the stimulator,"
paper2,11,45,"where the user might be free to move around, but limited to the"
paper2,11,46,"range of the cable. Despite this, advances in engineering are likely"
paper2,12,1,"CHI ’24, May 11–16, 2024, Honolulu, HI, USA Yudai Tanaka et al."
paper2,12,2,"to improve this. For instance, Sauvage et al. designed a compact of regions that should be stimulated for this particular participant"
paper2,12,3,"TMS (11×27×29 cm) at 9 kg, which operates on a small 24 V DC [69]."
paper2,12,4,"power supply [16] and exhibits an output of 700 mT at 1 Hz (i.e., Stimuli design and understanding. While our system can"
paper2,12,5,"70% of our stimulator’s maximum output). create 15 distinct haptic sensations, this observation is specific"
paper2,12,6,Alternative mechanical designs. We do not think of our head- to our current actuation resolution (8.5 mm). We hope that our
paper2,12,7,worn implementation as the only way to realize source-haptics findings facilitate exploration of the upper bound of how many
paper2,12,8,"using TMS. To minimize weight, researchers might explore mount- different points across the body TMS can deliver haptics. Possible"
paper2,12,9,"ing the coil and the actuation system to the user’s chair (e.g., desk- strategies for this include defining finer grids for coil positioning"
paper2,12,10,"top/sited applications) or suspending them via the ceiling (e.g., or implementing the aforementioned MRI-based approach to accu-"
paper2,12,11,"similar to early VR setups that were heavy, or large free-moving rately identify cortical regions. Moreover, broadening the range of"
paper2,12,12,"VR arenas). Alternatively, if the stimulation points are predefined haptic sensations—such as different textures or even pressure—is"
paper2,12,13,"for a given application, one could replace the robotic actuators with also a promising avenue for future research. One way to approach"
paper2,12,14,"a fixed mount. Particularly, for single-point stimulation, a coil on a this is to explore different TMS pulse parameters (e.g., pulse width,"
paper2,12,15,"helmet could reduce weight [4]. For multi-point stimulation, a hel- frequency, and waveform [58]) and evaluate elicited sensations"
paper2,12,16,"met with multiple fixed coils might also be beneficial [59]. All these through psychophysics studies, akin to methods employed in the"
paper2,12,17,non-motorized approaches also eliminate the latency associated domain of surface electrical stimulation [2].
paper2,12,18,"with our approach’s mechanical actuation of the coil. However, Beyond TMS. Finally, we hope our work inspires new implemen-"
paper2,12,19,"this comes at the cost of stimulation resolution, which is limited by tations of this concept of a source-effector. One promising avenue"
paper2,12,20,"the coil’s size (e.g., 5 cm steps in [59] vs. our <8.5 mm steps via our is via the aforementioned transcranial ultrasound stimulation—"
paper2,12,21,"actuators). despite its still nascent status, it might offer some avenue to miti-"
paper2,12,22,"Limited sensations. While we confirmed that our approach gate the size of the TMS coils. However, its accuracy & limitations"
paper2,12,23,"can create a total of 15 haptic sensations including both force & are still being understood [44, 98]."
paper2,12,24,"touch, it still has limitations. For instance, the spatial resolution"
paper2,12,25,of haptic feedback via TMS is influenced by the size of the coil’s 9 CONCLUSION
paper2,12,26,"focal point (e.g., ∼1 cm radius with the butterfly coil we used [91])."
paper2,12,27,"We proposed, implemented & evaluated a novel concept for haptics"
paper2,12,28,While this can be smaller than ∼5 mm by optimizing the coil ge-
paper2,12,29,in which one centralized on-body haptic actuator renders haptic ef-
paper2,12,30,"ometry [33], one has to note that a smaller focal point is a tradeoff"
paper2,12,31,fects on multiple body parts—we called this a haptic source-effector.
paper2,12,32,to the stimulation depth [21]. This poses challenges in render-
paper2,12,33,We implement it by leveraging transcranial magnetic stimulation
paper2,12,34,"ing focused tactile cues in small skin areas, e.g., multiple tactile"
paper2,12,35,"(TMS). We can render touch/force-feedback in hands, arms, legs,"
paper2,12,36,"points on the fingerpad. At this stage, this is not possible with"
paper2,12,37,"feet, and jaw—without needing to instrument these with individual"
paper2,12,38,"existing non-invasive stimulation techniques such as TMS (and,"
paper2,12,39,actuators—which we validated in our first user study. In the source-
paper2,12,40,"instead, necessitates turning to invasive intracortical stimulation"
paper2,12,41,"effector, a single magnetic coil moves mechanically across the scalp."
paper2,12,42,"[24]). However, it is important to note that the upper bound of"
paper2,12,43,"For instance, if the user is meant to feel haptics in their hand, the"
paper2,12,44,TMS’ spatial resolution is yet to be fully understood (see 8.2 Stimuli
paper2,12,45,coil is moved and stimulates the area of their sensorimotor cortex
paper2,12,46,"design and understanding). Additionally, by limiting the stimulation"
paper2,12,47,"where hand sensations are processed. In our second user study,"
paper2,12,48,"duration (see 3.3 Safety), our force sensations are impact-like (i.e.,"
paper2,12,49,we probed into participants’ experiences while using our haptic
paper2,12,50,"applied for a short duration) and not sustained forces. Also, as"
paper2,12,51,display in an interactive VR experience.
paper2,12,52,"previously discussed, our touch sensations are less prominent than"
paper2,12,53,"Finally, as a first implementation of TMS-based haptics, we thor-"
paper2,12,54,"forces due to the difficulties in stimulating somatosensory neurons,"
paper2,12,55,oughly discussed its limitations and proposed a roadmap to further
paper2,12,56,compared to motor neurons.
paper2,12,57,its use in interactive contexts.
paper2,12,58,ACKNOWLEDGMENTS
paper2,12,59,8.2 Roadmap for the Future of Interactive TMS We would like to express our sincere gratitude to Prof. Howard
paper2,12,60,Nusbaum and John Veillette for their generous support and train-
paper2,12,61,Now that we have discussed the challenges brought by our specific
paper2,12,62,ing with transcranial magnetic stimulation. We would also like to
paper2,12,63,"implementation using TMS, we turn our attention back to the wider"
paper2,12,64,thank our colleague Romain Nith for his support in mechanical
paper2,12,65,"concept of a centralized haptic actuator worn by the user (i.e., a"
paper2,12,66,"design, and Alan Shen for his assistance in audiovisual production."
paper2,12,67,source-effector).
paper2,12,68,"Moreover, we are grateful for the constructive feedback from the"
paper2,12,69,Closing the loop. One possible reason why we observed some
paper2,12,70,reviewers. This work was supported by NSF grant 2047189 and
paper2,12,71,"of our limitations (e.g., fewer points for touch sensations, or even"
paper2,12,72,"2024923. Any opinions, findings, conclusions, or recommenda-"
paper2,12,73,less strength for touch than forces) might be related to the lack
paper2,12,74,tions expressed in this material are those of the authors and do not
paper2,12,75,"of a closed-loop system. In other words, during calibration, it is"
paper2,12,76,necessarily reflect the views of any funding agencies.
paper2,12,77,"easy to accurately determine if a force occurred (i.e., it causes a"
paper2,12,78,visible contraction of a muscle) but the same cannot be said for
paper2,12,79,SPECIAL ACKNOWLEDGMENTS
paper2,12,80,touch. One way that future researchers might tackle this is by
paper2,12,81,attempting to close the loop on the stimulation. This might be done We would like to acknowledge that the ACM CHI 2024 conference
paper2,12,82,"by first scanning participants via MRI to obtain a more precise map has decided to take place in Hawaii, offering extremely limited"
paper2,13,1,"Haptic Source-effector: Full-body Haptics via Non-invasive Brain Stimulation CHI ’24, May 11–16, 2024, Honolulu, HI, USA"
paper2,13,2,options for remote participation. While some authors have chosen Proceedings of the 31st Annual ACM Symposium on User Interface Software and
paper2,13,3,"to present their work in person or bring its physical prototype to Technology (New York, NY, USA, 11 2018), 927–935."
paper2,13,4,"[16] Charlet de Sauvage, R., Beuter, A., Lagroye, I. and Veyret, B. 2010. Design and"
paper2,13,5,"the CHI community, they have done so with compassion towards"
paper2,13,6,Construction of a Portable Transcranial Magnetic Stimulation (TMS) Apparatus
paper2,13,7,"Native Hawaiians and with a heavy heart. We urge that the ACM’s for Migraine Treatment. Journal of Medical Devices. 4, 1 (Feb. 2010). DOI:https:"
paper2,13,8,process for conference selection should more carefully consider the //doi.org/10.1115/1.4000616.
paper2,13,9,"[17] Cheng, L.-P., Lühne, P., Lopes, P., Sterz, C. and Baudisch, P. 2014. Haptic turk:"
paper2,13,10,impact our conferences have on local communities. We especially a motion platform based on people. Proceedings of the SIGCHI Conference on
paper2,13,11,"want to acknowledge Prof. Josiah Hester, a Kānaka Maoli Professor Human Factors in Computing Systems (Toronto, Ontario, Canada, Apr. 2014),"
paper2,13,12,3463–3472.
paper2,13,13,"in Computing, who organized comprehensive resources that edu-"
paper2,13,14,"[18] Cohen, S.L., Bikson, M., Badran, B.W. and George, M.S. 2022. A visual and"
paper2,13,15,cated us about the negative impacts of over-tourism and climate narrative timeline of US FDA milestones for Transcranial Magnetic Stimulation
paper2,13,16,"degradation in Hawaii2. Finally, the decision of some authors to (TMS) devices. Brain Stimulation: Basic, Translational, and Clinical Research in"
paper2,13,17,"Neuromodulation. 15, 1 (Jan. 2022), 73–75. DOI:https://doi.org/10.1016/j.brs.2021."
paper2,13,18,participate in this conference does not represent the views of other
paper2,13,19,11.010.
paper2,13,20,"members of our lab, who have chosen not to engage with this edi- [19] Delazio, A., Nakagaki, K., Klatzky, R.L., Hudson, S.E., Lehman, J.F. and Sample,"
paper2,13,21,tion of the CHI conference due to its impact on Native Hawaiians. A.P. 2018. Force Jacket: Pneumatically-Actuated Jacket for Embodied Haptic Ex-
paper2,13,22,periences. Proceedings of the 2018 CHI Conference on Human Factors in Computing
paper2,13,23,"Systems (New York, NY, USA, 21 2018), 1–12."
paper2,13,24,"REFERENCES [20] Dempsey, M.F., Condon, B. and Hadley, D.M. 2002. MRI safety review. Seminars"
paper2,13,25,"in Ultrasound, CT and MRI. 23, 5 (Oct. 2002), 392–401. DOI:https://doi.org/10."
paper2,13,26,"[1] Alonzo, M.D., Engels, L.F., Controzzi, M. and Cipriani, C. 2017. Electro-cutaneous"
paper2,13,27,1016/S0887-2171(02)90010-7.
paper2,13,28,stimulation on the palm elicits referred sensations on intact but not on ampu-
paper2,13,29,"[21] Deng, Z.-D., Lisanby, S.H. and Peterchev, A.V. 2013. Electric field depth–focality"
paper2,13,30,"tated digits. Journal of Neural Engineering. 15, 1 (Nov. 2017), 016003. DOI:https:"
paper2,13,31,tradeoff in transcranial magnetic stimulation: Simulation comparison of 50 coil
paper2,13,32,//doi.org/10.1088/1741-2552/aa81e2.
paper2,13,33,"designs. Brain Stimulation. 6, 1 (Jan. 2013), 1–13. DOI:https://doi.org/10.1016/j."
paper2,13,34,"[2] Ara, J., Hwang, S.H., Song, T. and Khang, G. 2014. Effects of the stimulus parame-"
paper2,13,35,brs.2012.02.005.
paper2,13,36,ters on the tactile sensations elicited by single-channel transcutaneous electrical
paper2,13,37,"[22] Di Lazzaro, V., Dileone, M., Pilato, F., Profice, P., Cioni, B., Meglio, M., Papacci,"
paper2,13,38,stimulation. International Journal of Precision Engineering and Manufacturing.
paper2,13,39,"F., Sabatelli, M., Musumeci, G., Ranieri, F. and Tonali, P.A. 2010. Long-term"
paper2,13,40,"15, 2 (Feb. 2014), 305–313. DOI:https://doi.org/10.1007/s12541-014-0339-4."
paper2,13,41,"motor cortex stimulation for amyotrophic lateral sclerosis. Brain Stimulation. 3,"
paper2,13,42,"[3] Awiszus, F. 2003. Chapter 2 TMS and threshold hunting. Supplements to Clinical"
paper2,13,43,"1 (Jan. 2010), 22–27. DOI:https://doi.org/10.1016/j.brs.2009.04.004."
paper2,13,44,"Neurophysiology. W. Paulus, F. Tergau, M.A. Nitsche, J.G. Rothwell, U. Ziemann,"
paper2,13,45,"[23] Epstein, C.M. 1998. Transcranial Magnetic Stimulation: Language Function."
paper2,13,46,"and M. Hallett, eds. Elsevier. 13–23."
paper2,13,47,"Journal of Clinical Neurophysiology. 15, 4 (Jul. 1998), 325."
paper2,13,48,"[4] Badran, B.W., Caulfield, K.A., Lopez, J.W., Cox, C., Stomberg-Firestein, S., De-"
paper2,13,49,"[24] Flesher, S.N., Collinger, J.L., Foldes, S.T., Weiss, J.M., Downey, J.E., Tyler-Kabara,"
paper2,13,50,"Vries, W.H., McTeague, L.M., George, M.S. and Roberts, D. 2020. Personal-"
paper2,13,51,"E.C., Bensmaia, S.J., Schwartz, A.B., Boninger, M.L. and Gaunt, R.A. 2016. Intra-"
paper2,13,52,ized TMS helmets for quick and reliable TMS administration outside of a
paper2,13,53,cortical microstimulation of human somatosensory cortex. Science Translational
paper2,13,54,"laboratory setting. Brain Stimulation. 13, 3 (May 2020), 551–553. DOI:https:"
paper2,13,55,"Medicine. 8, 361 (Oct. 2016), 361ra141-361ra141. DOI:https://doi.org/10.1126/"
paper2,13,56,//doi.org/10.1016/j.brs.2020.01.009.
paper2,13,57,scitranslmed.aaf8083.
paper2,13,58,"[5] Barker, A.T., Jalinous, R. and Freeston, I.L. 1985. Non-Invasive Magnetic Stim-"
paper2,13,59,"[25] Franza, M., Sorrentino, G., Vissani, M., Serino, A., Blanke, O. and Bassolino, M."
paper2,13,60,"ulation of Human Motor Cortex. The Lancet. 325, 8437 (1985), 1106–1107."
paper2,13,61,2019. Hand perceptions induced by single pulse transcranial magnetic stimula-
paper2,13,62,DOI:https://doi.org/10.1016/S0140-6736(85)92413-4.
paper2,13,63,"tion over the primary motor cortex. Brain Stimulation. 12, 3 (May 2019), 693–701."
paper2,13,64,"[6] Bassolino, M., Franza, M., Bello Ruiz, J., Pinardi, M., Schmidlin, T., Stephan, M."
paper2,13,65,DOI:https://doi.org/10.1016/j.brs.2018.12.972.
paper2,13,66,"a., Solcà, M., Serino, A. and Blanke, O. 2018. Non-invasive brain stimulation of"
paper2,13,67,"[26] Fregni, F., Otachi, P.T.M., Do Valle, A., Boggio, P.S., Thut, G., Rigonatti, S.P.,"
paper2,13,68,motor cortex induces embodiment when integrated with virtual reality feedback.
paper2,13,69,"Pascual-Leone, A. and Valente, K.D. 2006. A randomized clinical trial of repetitive"
paper2,13,70,"European Journal of Neuroscience. 47, 7 (2018), 790–799. DOI:https://doi.org/10."
paper2,13,71,transcranial magnetic stimulation in patients with refractory epilepsy. Annals
paper2,13,72,1111/ejn.13871.
paper2,13,73,"of Neurology. 60, 4 (Oct. 2006), 447–455. DOI:https://doi.org/10.1002/ana.20950."
paper2,13,74,"[7] Bauer, P., Lienhart, W. and Jost, S. 2021. Accuracy Investigation of the Pose"
paper2,13,75,"[27] Geddes, L.A. 1991. History of Magnetic Stimulation of the Nervous System."
paper2,13,76,"Determination of a VR System. Sensors. 21, 5 (Jan. 2021), 1622. DOI:https://doi."
paper2,13,77,"Journal of Clinical Neurophysiology. 8, 1 (Jan. 1991), 3."
paper2,13,78,org/10.3390/s21051622.
paper2,13,79,"[28] Gershon, A.A., Dannon, P.N. and Grunhaus, L. 2003. Transcranial Magnetic"
paper2,13,80,"[8] Beaulieu, L.D. and Schneider, C. 2013. Effects of repetitive peripheral magnetic"
paper2,13,81,Stimulation in the Treatment of Depression. American Journal of Psychiatry.
paper2,13,82,stimulation on normal or impaired motor control. A review. Neurophysiologie
paper2,13,83,"160, 5 (May 2003), 835–845. DOI:https://doi.org/10.1176/appi.ajp.160.5.835."
paper2,13,84,"Clinique = Clinical Neurophysiology. 43, 4 (Oct. 2013), 251–260. DOI:https://doi."
paper2,13,85,"[29] Gupta, S., Morris, D., Patel, S.N. and Tan, D. 2013. AirWave: non-contact haptic"
paper2,13,86,org/10.1016/j.neucli.2013.05.003.
paper2,13,87,feedback using air vortex rings. Proceedings of the 2013 ACM international joint
paper2,13,88,"[9] Beckers, G. and Zeki, S. 1995. The consequences of inactivating areas V1 and"
paper2,13,89,"conference on Pervasive and ubiquitous computing (New York, NY, USA, 8 2013),"
paper2,13,90,"V5 on visual motion perception. Brain: A Journal of Neurology. 118 ( Pt 1), (Feb."
paper2,13,91,419–428.
paper2,13,92,"1995), 49–60. DOI:https://doi.org/10.1093/brain/118.1.49."
paper2,13,93,"[30] Hallett, M. 2007. Transcranial Magnetic Stimulation: A Primer. Neuron. 55, 2"
paper2,13,94,"[10] Benko, H., Holz, C., Sinclair, M. and Ofek, E. 2016. NormalTouch and Texture-"
paper2,13,95,"(Jul. 2007), 187–199. DOI:https://doi.org/10.1016/j.neuron.2007.06.026."
paper2,13,96,Touch: High-fidelity 3D Haptic Shape Rendering on Handheld Virtual Reality
paper2,13,97,[31] HaptX: Haptic gloves for virtual reality and robotics: https://haptx.com/. Ac-
paper2,13,98,Controllers. Proceedings of the 29th Annual Symposium on User Interface Software
paper2,13,99,cessed: 2022-03-01.
paper2,13,100,"and Technology (New York, NY, USA, 16 2016), 717–728."
paper2,13,101,"[32] Hassan, M., Daiber, F., Wiehr, F., Kosmalla, F. and Krüger, A. 2017. FootStriker:"
paper2,13,102,"[11] Bensmaia, S.J., Tyler, D.J. and Micera, S. 2023. Restoration of sensory informa-"
paper2,13,103,An EMS-based Foot Strike Assistant for Running. Proceedings of the ACM on
paper2,13,104,"tion via bionic hands. Nature Biomedical Engineering. 7, 4 (Apr. 2023), 443–455."
paper2,13,105,"Interactive, Mobile, Wearable and Ubiquitous Technologies. 1, 1 (Mar. 2017), 2:1-"
paper2,13,106,DOI:https://doi.org/10.1038/s41551-020-00630-8.
paper2,13,107,2:18. DOI:https://doi.org/10.1145/3053332.
paper2,13,108,"[12] di Biase, L., Falato, E. and Di Lazzaro, V. 2019. Transcranial Focused Ultrasound"
paper2,13,109,"[33] Hsu, K.-H. and Durand, D.M. 2001. A 3-D differential coil design for localized"
paper2,13,110,(tFUS) and Transcranial Unfocused Ultrasound (tUS) Neuromodulation: From
paper2,13,111,"magnetic stimulation. IEEE Transactions on Biomedical Engineering. 48, 10 (Oct."
paper2,13,112,"Theoretical Principles to Stimulation Practices. Frontiers in Neurology. 10, (2019)."
paper2,13,113,"2001), 1162–1168. DOI:https://doi.org/10.1109/10.951519."
paper2,13,114,"[13] Brugger, P., Kollias, S.S., Müri, R.M., Crelier, G., Hepp-Reymond, M.-C. and"
paper2,13,115,"[34] Je, S., Lim, H., Moon, K., Teng, S.-Y., Brooks, J., Lopes, P. and Bianchi, A. 2021."
paper2,13,116,"Regard, M. 2000. Beyond re-membering: Phantom sensations of congenitally"
paper2,13,117,Elevate: A Walkable Pin-Array for Large Shape-Changing Terrains. Proceedings
paper2,13,118,"absent limbs. Proceedings of the National Academy of Sciences. 97, 11 (May 2000),"
paper2,13,119,of the 2021 CHI Conference on Human Factors in Computing Systems (Yokohama
paper2,13,120,6167–6172. DOI:https://doi.org/10.1073/pnas.100510697.
paper2,13,121,"Japan, May 2021), 1–11."
paper2,13,122,"[14] Chai, G.H., Li, S., Sui, X.H., Mei, Z., He, L.W., Zhong, C.L., Wang, J.W., Zhang,"
paper2,13,123,"[35] Kandel, E.R., Mack, S., Jessell, T.M., Schwartz, J.H., Siegelbaum, S.A. and Hud-"
paper2,13,124,"D.G., Zhu, X.Y. and Lan, N. 2013. Phantom finger perception evoked with tran-"
paper2,13,125,"speth, A.J. 2013. Principles of Neural Science, Fifth Edition. McGraw Hill Profes-"
paper2,13,126,scutaneous electrical stimulation for sensory feedback of prosthetic hand. 2013
paper2,13,127,sional.
paper2,13,128,"6th International IEEE/EMBS Conference on Neural Engineering (NER) (Nov. 2013),"
paper2,13,129,"[36] Kaul, O.B., Pfeiffer, M. and Rohs, M. 2016. Follow the Force: Steering the Index"
paper2,13,130,271–274.
paper2,13,131,Finger towards Targets using EMS. Proceedings of the 2016 CHI Conference
paper2,13,132,"[15] Chang, H.-Y., Tseng, W.-J., Tsai, C.-E., Chen, H.-Y., Peiris, R.L. and Chan, L. 2018."
paper2,13,133,"Extended Abstracts on Human Factors in Computing Systems (New York, NY,"
paper2,13,134,FacePush: Introducing Normal Force on Face with Head-Mounted Displays.
paper2,13,135,"USA, May 2016), 2526–2532."
paper2,13,136,"2https://www.chiinhawaii.info/ [37] Kim, H., Kim, M. and Lee, W. 2016. HapThimble: A Wearable Haptic Device"
paper2,13,137,Towards Usable Virtual Touch Screen. Proceedings of the 2016 CHI Conference on
paper2,13,138,"Human Factors in Computing Systems (New York, NY, USA, 2016), 3694–3705."
paper2,14,1,"CHI ’24, May 11–16, 2024, Honolulu, HI, USA Yudai Tanaka et al."
paper2,14,2,"[38] Kim, H.-S., Gim, S.-Y., Kim, W.-R., Choi, M.-H., Choi, S. and Chung, S.-C. 2016. [61] Nitsche, M.A., Boggio, P.S., Fregni, F. and Pascual-Leone, A. 2009. Treatment"
paper2,14,3,MagTacS: Delivering Tactile Sensation over an Object. Proceedings of the 29th of depression with transcranial direct current stimulation (tDCS): A Review.
paper2,14,4,"Annual Symposium on User Interface Software and Technology (New York, NY, Experimental Neurology. 219, 1 (Sep. 2009), 14–19. DOI:https://doi.org/10.1016/j."
paper2,14,5,"USA, 16 2016), 41–42. expneurol.2009.03.038."
paper2,14,6,"[39] Kim, H.-S., Jo, J.-H., Lee, J.-H., Jung, J.-J., An, J.-S., Choi, M.-H. and Chung, S.-C. [62] Nitsche, M.A., Cohen, L.G., Wassermann, E.M., Priori, A., Lang, N., Antal, A.,"
paper2,14,7,"2021. Development of a Tactile Actuator with Non-Contact and Trans-Object Paulus, W., Hummel, F., Boggio, P.S., Fregni, F. and Pascual-Leone, A. 2008."
paper2,14,8,"Characteristics Using a Time-Varying Magnetic Field. Actuators. 10, 6 (Jun. 2021), Transcranial direct current stimulation: State of the art 2008. Brain Stimulation."
paper2,14,9,"106. DOI:https://doi.org/10.3390/act10060106. 1, 3 (Jul. 2008), 206–223. DOI:https://doi.org/10.1016/j.brs.2008.06.004."
paper2,14,10,"[40] Konishi, Y., Hanamitsu, N., Outram, B., Minamizawa, K., Mizuguchi, T. and Sato, [63] Ogihara, S., Amemiya, T., Kuzuoka, H., Narumi, T. and Aoyama, K. 2023. Multi"
paper2,14,11,A. 2016. Synesthesia suit: the full body immersive experience. ACM SIGGRAPH Surface Electrodes Nerve Bundles Stimulation on the Wrist: Modified Location
paper2,14,12,"2016 VR Village (New York, NY, USA, 24 2016), 1. of Tactile Sensation on the Palm. IEEE Access. 11, (2023), 13794–13809. DOI:https:"
paper2,14,13,"[41] Kono, M., Miyaki, T. and Rekimoto, J. 2018. In-pulse: inducing fear and pain in //doi.org/10.1109/ACCESS.2023.3243175."
paper2,14,14,"virtual experiences. Proceedings of the 24th ACM Symposium on Virtual Reality [64] Pan, L., Vargas, L., Fleming, A., Hu, X., Zhu, Y. and Huang, H. (Helen) 2020."
paper2,14,15,"Software and Technology (New York, NY, USA, 28 2018), 1–5. Evoking haptic sensations in the foot through high-density transcutaneous"
paper2,14,16,"[42] Kuang, L., Ferro, M., Malvezzi, M., Prattichizzo, D., Robuffo Giordano, P., electrical nerve stimulations. Journal of Neural Engineering. 17, 3 (Jun. 2020),"
paper2,14,17,"Chinello, F. and Pacchierotti, C. 2023. A Wearable Haptic Device for the Hand 036020. DOI:https://doi.org/10.1088/1741-2552/ab8e8d."
paper2,14,18,"with Interchangeable End-Effectors. IEEE Transactions on Haptics (ToH). (Jun. [65] Peiris, R.L., Peng, W., Chen, Z., Chan, L. and Minamizawa, K. 2017. ThermoVR:"
paper2,14,19,"2023), 1–10. DOI:https://doi.org/10.1109/TOH.2023.3284980. Exploring Integrated Thermal Haptic Feedback with Head Mounted Displays."
paper2,14,20,"[43] Lefaucheur, J.-P., Drouot, X., Von Raison, F., Ménard-Lefaucheur, I., Cesaro, P. Proceedings of the 2017 CHI Conference on Human Factors in Computing Systems"
paper2,14,21,"and Nguyen, J.-P. 2004. Improvement of motor performance and modulation (New York, NY, USA, Summer 2017), 5452–5456."
paper2,14,22,"of cortical excitability by repetitive transcranial magnetic stimulation of the [66] Pena, A.E., Abbas, J.J. and Jung, R. 2021. Channel-hopping during surface electri-"
paper2,14,23,"motor cortex in Parkinson’s disease. Clinical Neurophysiology. 115, 11 (Nov. cal neurostimulation elicits selective, comfortable, distally referred sensations."
paper2,14,24,"2004), 2530–2541. DOI:https://doi.org/10.1016/j.clinph.2004.05.025. Journal of Neural Engineering. 18, 5 (Apr. 2021). DOI:https://doi.org/10.1088/1741-"
paper2,14,25,"[44] Legon, W., Sato, T.F., Opitz, A., Mueller, J., Barbour, A., Williams, A. and Tyler, 2552/abf28c."
paper2,14,26,"W.J. 2014. Transcranial focused ultrasound modulates the activity of primary [67] Peterchev, A.V., Murphy, D.L.K. and Goetz, S.M. 2015. Quiet transcranial mag-"
paper2,14,27,"somatosensory cortex in humans. Nature Neuroscience. 17, 2 (Feb. 2014), 322–329. netic stimulation: Status and future directions. 2015 37th Annual International"
paper2,14,28,DOI:https://doi.org/10.1038/nn.3620. Conference of the IEEE Engineering in Medicine and Biology Society (EMBC) (Aug.
paper2,14,29,"[45] Li, J. 2023. OpenVR Space Calibrator. 2015), 226–229."
paper2,14,30,"[46] Li, J., Krall, M., Trummer, F., Memon, A.R., Pepe, A., Gsaxner, C., Jin, Y., Chen, [68] Pfeiffer, M., Dünte, T., Schneegass, S., Alt, F. and Rohs, M. 2015. Cruise Control"
paper2,14,31,"X., Deutschmann, H., Zefferer, U., Schäfer, U., Campe, G. von and Egger, J. for Pedestrians: Controlling Walking Direction using Electrical Muscle Stim-"
paper2,14,32,2021. MUG500+: Database of 500 high-resolution healthy human skulls and 29 ulation. Proceedings of the 33rd Annual ACM Conference on Human Factors in
paper2,14,33,"craniotomy skulls and implants. Data in Brief. 39, (Dec. 2021), 107524. DOI:https: Computing Systems (New York, NY, USA, Apr. 2015), 2505–2514."
paper2,14,34,"//doi.org/10.1016/j.dib.2021.107524. [69] Pineda-Pardo, J.A., Martínez-Fernández, R., Rodríguez-Rojas, R., Del-Alamo,"
paper2,14,35,"[47] Lindeman, R.W., Page, R., Yanagida, Y. and Sibert, J.L. 2004. Towards full-body M., Hernández, F., Foffani, G., Dileone, M., Máñez-Miró, J.U., De Luis-Pastor,"
paper2,14,36,"haptic feedback: the design and deployment of a spatialized vibrotactile feed- E., Vela, L. and Obeso, J.A. 2019. Microstructural changes of the dentato-rubro-"
paper2,14,37,back system. Proceedings of the ACM symposium on Virtual reality software and thalamic tract after transcranial MR guided focused ultrasound ablation of the
paper2,14,38,"technology (New York, NY, USA, 10 2004), 146–149. posteroventral VIM in essential tremor. Human Brain Mapping. 40, 10 (2019),"
paper2,14,39,"[48] Liu, X.X., Chai, G.H., Qu, H.E. and Lan, N. 2015. A sensory feedback system for 2933–2942. DOI:https://doi.org/10.1002/hbm.24569."
paper2,14,40,"prosthetic hand based on evoked tactile sensation. 2015 37th Annual International [70] Rossi, S. et al. 2021. Safety and recommendations for TMS use in healthy sub-"
paper2,14,41,"Conference of the IEEE Engineering in Medicine and Biology Society (EMBC) (Aug. jects and patient populations, with updates on training, ethical and regulatory"
paper2,14,42,"2015), 2493–2496. issues: Expert Guidelines. Clinical Neurophysiology. 132, 1 (Jan. 2021), 269–306."
paper2,14,43,"[49] Lopes, P., Ion, A., Mueller, W., Hoffmann, D., Jonell, P. and Baudisch, P. 2015. DOI:https://doi.org/10.1016/j.clinph.2020.10.003."
paper2,14,44,"Proprioceptive Interaction. Proceedings of the 33rd Annual ACM Conference on [71] Rossi, S., Hallett, M., Rossini, P.M., Pascual-Leone, A., and Safety of TMS Con-"
paper2,14,45,"Human Factors in Computing Systems (New York, NY, USA, 18 2015), 939–948. sensus Group 2009. Safety, ethical considerations, and application guidelines"
paper2,14,46,[50] Magstim Magstim Rapid2 Operating Manual. for the use of transcranial magnetic stimulation in clinical practice and re-
paper2,14,47,"[51] Mamadjanov, A.M., Yusupov, S.M. and Sadirov, S. 2021. ADVANTAGES AND search. Clinical Neurophysiology: Official Journal of the International Feder-"
paper2,14,48,"THE FUTURE OF CNC MACHINES. Scientific progress. 2, 1 (2021), 1638–1647. ation of Clinical Neurophysiology. 120, 12 (Dec. 2009), 2008–2039. DOI:https:"
paper2,14,49,"[52] Matsuda, N., Zhao, Y., Chapiro, A., Smith, C. and Lanman, D. 2022. HDR VR. //doi.org/10.1016/j.clinph.2009.08.016."
paper2,14,50,"ACM SIGGRAPH 2022 Emerging Technologies (New York, NY, USA, 25 2022), 1–2. [72] Sasaki, T., Liu, K.-H., Hasegawa, T., Hiyama, A. and Inami, M. 2019. Virtual"
paper2,14,51,"[53] McCabe, C.S., Haigh, R.C., Halligan, P.W. and Blake, D.R. 2003. Referred sensa- Super-Leaping: Immersive Extreme Jumping in VR. Proceedings of the 10th"
paper2,14,52,"tions in patients with complex regional pain syndrome type 1. Rheumatology. Augmented Human International Conference 2019 (New York, NY, USA, 11 2019),"
paper2,14,53,"42, 9 (Sep. 2003), 1067–1073. DOI:https://doi.org/10.1093/rheumatology/keg298. 1–8."
paper2,14,54,"[54] McNair, N.A. 2017. MagPy: A Python toolbox for controlling Magstim tran- [73] Sathya, A., Li, J., Rahman, T., Gao, G. and Peng, H. 2022. Calico: Relocatable"
paper2,14,55,"scranial magnetic stimulators. Journal of Neuroscience Methods. 276, (Jan. 2017), On-cloth Wearables with Fast, Reliable, and Precise Locomotion. Proceedings"
paper2,14,56,"33–37. DOI:https://doi.org/10.1016/j.jneumeth.2016.11.006. of the ACM on Interactive, Mobile, Wearable and Ubiquitous Technologies. 6, 3 (7"
paper2,14,57,"[55] Minamizawa, K., Fukamachi, S., Kajimoto, H., Kawakami, N. and Tachi, S. 2007. 2022), 136:1-136:32. DOI:https://doi.org/10.1145/3550323."
paper2,14,58,"Gravity grabber: wearable haptic display to present virtual mass sensation. [74] Scarpelli, A., Demofonti, A., Terracina, F., Ciancio, A.L. and Zollo, L. 2020."
paper2,14,59,"ACM SIGGRAPH 2007 emerging technologies (New York, NY, USA, 5 2007), 8-es. Evoking Apparent Moving Sensation in the Hand via Transcutaneous Electrical"
paper2,14,60,"[56] Momosaki, R., Abo, M., Watanabe, S., Kakuda, W., Yamada, N. and Kinoshita, S. Nerve Stimulation. Frontiers in Neuroscience. 14, (2020). DOI:https://doi.org/10."
paper2,14,61,2015. Repetitive Peripheral Magnetic Stimulation With Intensive Swallowing 3389/fnins.2020.00534.
paper2,14,62,"Rehabilitation for Poststroke Dysphagia: An Open-Label Case Series. Neu- [75] Schorr, S.B. and Okamura, A.M. 2017. Fingertip Tactile Devices for Virtual Object"
paper2,14,63,"romodulation: Technology at the Neural Interface. 18, 7 (Oct. 2015), 630–635. Manipulation and Exploration. Proceedings of the 2017 CHI Conference on Human"
paper2,14,64,"DOI:https://doi.org/10.1111/ner.12308. Factors in Computing Systems (New York, NY, USA, Summer 2017), 3115–3119."
paper2,14,65,"[57] Mull, B.R. and Seyal, M. 2001. Transcranial magnetic stimulation of left prefrontal [76] Slopsema, J.P., Boss, J.M., Heyboer, L.A., Tobias, C.M., Draggoo, B.P., Finn, K.E.,"
paper2,14,66,"cortex impairs working memory. Clinical Neurophysiology: Official Journal of the Hoff, P.J. and Polasek, K.H. 2018. Natural Sensations Evoked in Distal Extremities"
paper2,14,67,"International Federation of Clinical Neurophysiology. 112, 9 (Sep. 2001), 1672–1675. Using Surface Electrical Stimulation. The Open Biomedical Engineering Journal."
paper2,14,68,"DOI:https://doi.org/10.1016/s1388-2457(01)00606-x. 12, (2018), 72. DOI:https://doi.org/10.2174/1874120701812010072."
paper2,14,69,"[58] N, G., Nh, J., V, M. and B, G. 2017. Transcranial magnetic stimulation devices for [77] Sodhi, R., Poupyrev, I., Glisson, M. and Israr, A. 2013. AIREAL: interactive tactile"
paper2,14,70,"biphasic and polyphasic ultra-high frequency protocols. Biology, Engineering experiences in free air. ACM Transactions on Graphics. 32, 4 (Jul. 2013), 1–10."
paper2,14,71,"and Medicine. 3, 1 (2017). DOI:https://doi.org/10.15761/BEM.1000136. DOI:https://doi.org/10.1145/2461912.2462007."
paper2,14,72,"[59] Navarro de Lara, L.I., Daneshzand, M., Mascarenas, A., Paulson, D., Pratt, K., [78] Starburst: Eyes-In With Meta’s 20K Nit HDR Display Tech: 2022. https://www."
paper2,14,73,"Okada, Y., Raij, T., Makarov, S.N. and Nummenmaa, A. 2021. A 3-axis coil design uploadvr.com/starburst-hdr-demo/. Accessed: 2023-09-14."
paper2,14,74,"for multichannel TMS arrays. NeuroImage. 224, (Jan. 2021), 117355. DOI:https: [79] Strohmeier, P., Güngör, S., Herres, L., Gudea, D., Fruchard, B. and Steimle, J. 2020."
paper2,14,75,//doi.org/10.1016/j.neuroimage.2020.117355. bARefoot: Generating Virtual Materials using Motion Coupled Vibration in
paper2,14,76,[60] Next generation full body haptic suit -bHaptics TactSuit: https://www.bhaptics. Shoes. Proceedings of the 33rd Annual ACM Symposium on User Interface Software
paper2,14,77,"com/. Accessed: 2023-09-10. and Technology (Virtual Event USA, Oct. 2020), 579–593."
paper2,14,78,"[80] Sutherland, I. 1965. The Ultimate Display. Proceedings of the IFIPS Congress"
paper2,14,79,65(2):506-508. New York: IFIP (1965).
paper2,15,1,"Haptic Source-effector: Full-body Haptics via Non-invasive Brain Stimulation CHI ’24, May 11–16, 2024, Honolulu, HI, USA"
paper2,15,2,"[81] Suzuki, S., Aoyama, K., Kojima, R., Izumi, K., Fushimi, T. and Ochiai, Y. 2023. [91] Thielscher, A. and Kammer, T. 2004. Electric field properties of two commercial"
paper2,15,3,ExudedVestibule: Enhancing Mid-air Haptics through Galvanic Vestibular Stim- figure-8 coils in TMS: calculation of focality and efficiency. Clinical Neurophysi-
paper2,15,4,"ulation. ACM SIGGRAPH 2023 Posters (New York, NY, USA, 23 2023), 1–2. ology. 115, 7 (Jul. 2004), 1697–1708. DOI:https://doi.org/10.1016/j.clinph.2004.02."
paper2,15,5,"[82] Szecsi, J., Schiller, M., Straube, A. and Gerling, D. 2009. A comparison of func- 019."
paper2,15,6,"tional electrical and magnetic stimulation for propelled cycling of paretic pa- [92] Triggs, W.J., Calvanio, R. and Levine, M. 1997. Transcranial magnetic stimulation"
paper2,15,7,"tients. Archives of Physical Medicine and Rehabilitation. 90, 4 (Apr. 2009), 564–570. reveals a hemispheric asymmetry correlate of intermanual differences in motor"
paper2,15,8,"DOI:https://doi.org/10.1016/j.apmr.2008.09.572. performance. Neuropsychologia. 35, 10 (Oct. 1997), 1355–1363. DOI:https://doi."
paper2,15,9,"[83] Takahashi, A., Brooks, J., Kajimoto, H. and Lopes, P. 2021. Increasing Electri- org/10.1016/S0028-3932(97)00077-8."
paper2,15,10,"cal Muscle Stimulation’s Dexterity by means of Back of the Hand Actuation. [93] Tsao, C.-A., Wu, T.-C., Tsai, H.-R., Wei, T.-Y., Liao, F.-Y., Chapman, S. and Chen,"
paper2,15,11,Proceedings of the 2021 CHI Conference on Human Factors in Computing Systems B.-Y. 2022. FrictShoes: Providing Multilevel Nonuniform Friction Feedback on
paper2,15,12,"(New York, NY, USA, 6 2021), 1–12. Shoes in VR. IEEE Transactions on Visualization and Computer Graphics. 28, 5"
paper2,15,13,"[84] Tamaki, E., Miyaki, T. and Rekimoto, J. 2011. PossessedHand: techniques for (May 2022), 2026–2036. DOI:https://doi.org/10.1109/TVCG.2022.3150492."
paper2,15,14,"controlling human hands using electrical muscles stimuli. Proceedings of the [94] Vargas, L., Whitehouse, G., Huang, H., Zhu, Y. and Hu, X. 2019. Evoked Haptic"
paper2,15,15,"SIGCHI Conference on Human Factors in Computing Systems (New York, NY, Sensation in the Hand With Concurrent Non-Invasive Nerve Stimulation. IEEE"
paper2,15,16,"USA, May 2011), 543–552. Transactions on Biomedical Engineering. 66, 10 (Oct. 2019), 2761–2767. DOI:https:"
paper2,15,17,"[85] Tanaka, Y., Nishida, J. and Lopes, P. 2022. Electrical Head Actuation: Enabling //doi.org/10.1109/TBME.2019.2895575."
paper2,15,18,"Interactive Systems to Directly Manipulate Head Orientation. CHI Conference on [95] Wassermann, E.M., McShane, L.M., Hallett, M. and Cohen, L.G. 1992. Nonin-"
paper2,15,19,"Human Factors in Computing Systems (New Orleans LA USA, Apr. 2022), 1–15. vasive mapping of muscle representations in human motor cortex. Electroen-"
paper2,15,20,"[86] Tanaka, Y., Shen, A., Kong, A. and Lopes, P. 2023. Full-hand Electro-Tactile cephalography and Clinical Neurophysiology. 85, 1 (Feb. 1992), 1–8. DOI:https:"
paper2,15,21,Feedback without Obstructing Palmar Side of Hand. Proceedings of the 2023 CHI //doi.org/10.1016/0168-5597(92)90094-r.
paper2,15,22,"Conference on Human Factors in Computing Systems (New York, NY, USA, 19 [96] Whitmire, E., Benko, H., Holz, C., Ofek, E. and Sinclair, M. 2018. Haptic Re-"
paper2,15,23,"2023), 1–15. volver: Touch, Shear, Texture, and Shape Rendering on a Reconfigurable Virtual"
paper2,15,24,"[87] Tanaka, Y., Takahashi, A. and Lopes, P. Interactive Benefits from Switching Reality Controller. Proceedings of the 2018 CHI Conference on Human Factors in"
paper2,15,25,"Electrical to Magnetic Muscle Stimulation. October 29, 2023 (New York, NY, Computing Systems (New York, NY, USA, 19 2018), 1–12."
paper2,15,26,"USA), 1–12. [97] Yano, H., Ogi, T. and Hirose, M. 1998. Development of Haptic Suit for whole"
paper2,15,27,"[88] Tang, A.D., Lowe, A.S., Garrett, A.R., Woodward, R., Bennett, W., Canty, A.J., human body using vibrators. Transactions of the Virtual Reality Society of Japan."
paper2,15,28,"Garry, M.I., Hinder, M.R., Summers, J.J., Gersner, R., Rotenberg, A., Thickbroom, 3, 3 (1998), 141–147. DOI:https://doi.org/10.18974/tvrsj.3.3_141."
paper2,15,29,"G., Walton, J. and Rodger, J. 2016. Construction and Evaluation of Rodent- [98] Yoo, S., Mittelstein, D.R., Hurt, R.C., Lacroix, J. and Shapiro, M.G. 2022. Focused"
paper2,15,30,"Specific rTMS Coils. Frontiers in Neural Circuits. 10, (2016). ultrasound excites cortical neurons via mechanosensitive calcium accumulation"
paper2,15,31,"[89] Teng, S.-Y., Li, P., Nith, R., Fonseca, J. and Lopes, P. 2021. Touch&Fold: A Foldable and ion channel amplification. Nature Communications. 13, 1 (Jan. 2022), 493."
paper2,15,32,Haptic Actuator for Rendering Touch in Mixed Reality. Proceedings of the 2021 DOI:https://doi.org/10.1038/s41467-022-28040-1.
paper2,15,33,"CHI Conference on Human Factors in Computing Systems (New York, NY, USA, 6 [99] Yoshimoto, S., Kuroda, Y., Imura, M. and Oshiro, O. 2011. Development of a"
paper2,15,34,"2021), 1–14. spatially transparent electrotactile display and its performance in grip force"
paper2,15,35,"[90] Teng, S.-Y., Lin, C.-L., Chiang, C., Kuo, T.-S., Chan, L., Huang, D.-Y. and Chen, control. 2011 Annual International Conference of the IEEE Engineering in Medicine"
paper2,15,36,"B.-Y. 2019. TilePoP: Tile-type Pop-up Prop for Virtual Reality. Proceedings of the and Biology Society (Aug. 2011), 3463–3466."
paper2,15,37,"32nd Annual ACM Symposium on User Interface Software and Technology (New [100] Yoshimoto, S., Kuroda, Y., Uranishi, Y., Imura, M. and Oshiro, O. 2014. Rough-"
paper2,15,38,"York, NY, USA, 17 2019), 639–649. ness Modulation of Real Materials Using Electrotactile Augmentation. Haptics:"
paper2,15,39,"Neuroscience, Devices, Modeling, and Applications (Berlin, Heidelberg, 2014),"
paper2,15,40,10–17.
